Time,WH,Temperature,RH,GloblRad,UVI
2024/1/1 06:00,23,16.5,68,0.01,0
2024/1/1 07:00,1710,16.9,67,0.25,0
2024/1/1 08:00,6235,17.7,63,0.88,1
2024/1/1 09:00,12482,19.7,56,1.53,2
2024/1/1 10:00,16519,21.1,53,2.12,4
2024/1/1 11:00,18473,22.5,49,2.38,5
2024/1/1 12:00,18098,23.1,47,2.55,5
2024/1/1 13:00,17021,22.8,48,2.07,4
2024/1/1 14:00,12572,22.6,49,1.75,2
2024/1/1 15:00,8821,21.3,52,1.1,1
2024/1/1 16:00,3004,20.1,56,0.4,0
2024/1/1 17:00,104,18.5,61,0.01,0
2024/1/2 06:00,12,16.4,70,0.01,0
2024/1/2 07:00,1883,16.8,69,0.24,0
2024/1/2 08:00,6555,18.3,66,0.81,1
2024/1/2 09:00,9955,19.6,61,1.12,2
2024/1/2 10:00,12007,21.1,57,1.61,3
2024/1/2 11:00,18809,22.7,62,2.1,5
2024/1/2 12:00,18564,23.9,57,2.44,5
2024/1/2 13:00,16557,24.2,52,2.06,4
2024/1/2 14:00,12428,23,54,1.67,2
2024/1/2 15:00,7998,21.9,62,1.03,1
2024/1/2 16:00,2781,20.5,71,0.35,0
2024/1/2 17:00,102,19.9,75,0.01,0
2024/1/3 06:00,0,18.4,86,0.01,0
2024/1/3 07:00,2726,18.8,84,0.44,0
2024/1/3 08:00,9295,20.1,74,1.07,1
2024/1/3 09:00,11228,20.5,71,1.37,2
2024/1/3 10:00,15526,20.5,66,2.01,4
2024/1/3 11:00,19951,21.1,63,2.39,5
2024/1/3 12:00,19530,20.9,62,2.54,5
2024/1/3 13:00,18029,19.4,63,2.27,4
2024/1/3 14:00,14468,18.1,65,1.8,3
2024/1/3 15:00,9106,17.5,66,1.14,1
2024/1/3 16:00,3198,16.5,68,0.42,0
2024/1/3 17:00,116,15.4,71,0.01,0
2024/1/4 06:00,15,12.8,78,0.01,0
2024/1/4 07:00,3036,14.6,71,0.41,0
2024/1/4 08:00,8068,16.5,67,1.04,1
2024/1/4 09:00,9719,18.2,63,1.3,2
2024/1/4 10:00,14287,20.3,57,1.83,4
2024/1/4 11:00,15284,20.5,60,1.73,4
2024/1/4 12:00,19559,22.2,54,2.32,5
2024/1/4 13:00,16466,22.3,50,1.97,4
2024/1/4 14:00,9232,21.4,54,1.1,2
2024/1/4 15:00,4913,20.9,54,0.71,1
2024/1/4 16:00,1130,19.9,57,0.21,0
2024/1/4 17:00,66,19,60,0.01,0
2024/1/5 06:00,23,13.7,90,0.01,0
2024/1/5 07:00,2225,15,83,0.27,0
2024/1/5 08:00,8039,17.2,73,0.99,1
2024/1/5 09:00,13515,19.6,65,1.66,2
2024/1/5 10:00,17072,20.7,58,2.15,4
2024/1/5 11:00,18508,22.3,52,2.48,5
2024/1/5 12:00,18719,22.4,51,2.5,5
2024/1/5 13:00,14474,22.4,59,2.15,4
2024/1/5 14:00,12679,20.2,68,1.67,2
2024/1/5 15:00,8585,19.1,71,1.06,1
2024/1/5 16:00,3114,18.8,73,0.38,0
2024/1/5 17:00,131,18.3,76,0.01,0
2024/1/6 06:00,20,13.3,88,0.01,0
2024/1/6 07:00,2396,15,79,0.28,0
2024/1/6 08:00,8448,16.8,68,1.03,1
2024/1/6 09:00,13951,20.4,58,1.73,3
2024/1/6 10:00,17410,22.3,48,2.22,4
2024/1/6 11:00,18973,23.4,47,2.52,5
2024/1/6 12:00,18998,25.1,39,2.58,5
2024/1/6 13:00,17287,23.4,55,2.23,4
2024/1/6 14:00,14087,22.8,60,1.81,3
2024/1/6 15:00,9001,22,61,1.16,1
2024/1/6 16:00,3282,21.2,66,0.44,0
2024/1/6 17:00,136,19.8,68,0.01,0
2024/1/7 06:00,19,15,78,0.01,0
2024/1/7 07:00,1363,15,80,0.21,0
2024/1/7 08:00,5798,17.3,68,0.73,1
2024/1/7 09:00,8972,19.1,61,1.26,2
2024/1/7 10:00,14799,21.4,50,1.89,4
2024/1/7 11:00,17809,22.7,49,2.41,5
2024/1/7 12:00,20581,23,47,2.23,5
2024/1/7 13:00,17674,23.2,45,2.3,4
2024/1/7 14:00,12923,22.8,45,1.74,3
2024/1/7 15:00,8393,22.3,48,1.15,1
2024/1/7 16:00,3983,21,51,0.43,0
2024/1/7 17:00,106,18.7,59,0.01,0
2024/1/8 06:00,12,14.7,82,0.01,0
2024/1/8 07:00,2174,16.3,72,0.28,0
2024/1/8 08:00,6998,17.8,66,0.93,1
2024/1/8 09:00,12201,20.5,57,1.68,2
2024/1/8 10:00,15328,22.5,52,1.77,3
2024/1/8 11:00,17940,24.7,49,2.46,5
2024/1/8 12:00,18441,24.3,45,2.49,5
2024/1/8 13:00,13911,24.6,44,1.72,3
2024/1/8 14:00,9376,23.1,54,1.07,2
2024/1/8 15:00,6822,22,60,0.85,1
2024/1/8 16:00,2309,20.8,70,0.28,0
2024/1/8 17:00,109,19.8,76,0.01,0
2024/1/9 06:00,10,16.3,89,0,0
2024/1/9 07:00,1164,17.4,84,0.19,0
2024/1/9 08:00,4440,18.6,80,0.4,1
2024/1/9 09:00,13244,21.9,67,1.57,2
2024/1/9 10:00,16362,23.9,58,2.15,4
2024/1/9 11:00,19002,25.3,52,2.5,5
2024/1/9 12:00,19102,24.7,55,2.58,5
2024/1/9 13:00,17146,25,58,2.3,4
2024/1/9 14:00,13989,24,58,1.8,2
2024/1/9 15:00,8551,24,56,1.16,1
2024/1/9 16:00,3318,22.3,71,0.43,0
2024/1/9 17:00,191,20.4,78,0.02,0
2024/1/10 06:00,14,17.7,78,0.01,0
2024/1/10 07:00,2061,18.2,75,0.27,0
2024/1/10 08:00,8763,20.1,65,1.09,1
2024/1/10 09:00,14318,20.8,60,1.75,2
2024/1/10 10:00,17864,22.2,54,2.25,4
2024/1/10 11:00,19671,21.8,53,2.56,5
2024/1/10 12:00,19544,20,53,2.56,5
2024/1/10 13:00,17791,20.5,53,2.23,4
2024/1/10 14:00,14124,20,52,1.8,2
2024/1/10 15:00,8984,19.2,50,1.16,1
2024/1/10 16:00,3334,18.7,47,0.46,0
2024/1/10 17:00,195,17.7,47,0.02,0
2024/1/11 06:00,20,12.7,57,0.01,0
2024/1/11 07:00,2522,13.9,55,0.3,0
2024/1/11 08:00,2970,14,54,0.37,1
2024/1/11 09:00,12189,16.8,50,1.56,2
2024/1/11 10:00,16503,18.9,46,2.12,4
2024/1/11 11:00,18617,21.1,51,2.46,5
2024/1/11 12:00,18696,21.8,45,2.52,5
2024/1/11 13:00,17046,20.8,45,2.19,4
2024/1/11 14:00,13808,19.7,47,1.79,3
2024/1/11 15:00,8685,19.2,49,1.13,1
2024/1/11 16:00,2423,18.2,53,0.39,0
2024/1/11 17:00,217,16.7,59,0.02,0
2024/1/12 06:00,13,12,81,0.01,0
2024/1/12 07:00,1889,13.8,72,0.25,0
2024/1/12 08:00,7308,15.9,64,0.93,1
2024/1/12 09:00,12683,18.4,53,1.61,2
2024/1/12 10:00,16632,20.7,50,2.12,4
2024/1/12 11:00,18354,22.2,48,2.47,5
2024/1/12 12:00,17114,22.5,46,2.36,5
2024/1/12 13:00,17140,23.3,41,2.21,4
2024/1/12 14:00,13476,22.2,47,1.73,2
2024/1/12 15:00,8618,21.2,52,1.12,1
2024/1/12 16:00,3254,20.3,58,0.44,0
2024/1/12 17:00,209,19.1,66,0.03,0
2024/1/13 06:00,22,12.4,85,0.01,0
2024/1/13 07:00,2520,13.9,74,0.27,0
2024/1/13 08:00,8673,16.6,65,1.07,1
2024/1/13 09:00,14171,19.9,52,1.78,2
2024/1/13 10:00,17900,21.1,43,2.3,4
2024/1/13 11:00,19626,22.9,21,2.63,5
2024/1/13 12:00,19782,24,18,2.72,5
2024/1/13 13:00,17703,25.1,33,2.28,4
2024/1/13 14:00,13865,24,46,1.84,2
2024/1/13 15:00,9182,22.9,53,1.22,1
2024/1/13 16:00,3628,21.4,58,0.5,0
2024/1/13 17:00,226,20.4,63,0.03,0
2024/1/14 06:00,19,14.3,74,0.01,0
2024/1/14 07:00,1809,15.1,73,0.2,0
2024/1/14 08:00,8054,18.3,59,1.01,1
2024/1/14 09:00,13822,21.3,50,1.74,2
2024/1/14 10:00,17369,22.5,47,2.26,4
2024/1/14 11:00,19199,24.2,41,2.58,5
2024/1/14 12:00,19351,24.8,30,2.65,5
2024/1/14 13:00,17370,25.8,39,2.36,4
2024/1/14 14:00,14132,24.1,43,1.9,3
2024/1/14 15:00,8672,22.7,50,1.11,1
2024/1/14 16:00,3294,21.7,62,0.36,0
2024/1/14 17:00,251,20,77,0.03,0
2024/1/15 06:00,20,13.3,86,0.01,0
2024/1/15 07:00,2712,15.5,78,0.26,0
2024/1/15 08:00,8831,18.2,64,1.11,1
2024/1/15 09:00,14236,21.3,50,1.81,2
2024/1/15 10:00,17707,23,44,2.34,4
2024/1/15 11:00,19572,24.1,51,2.65,5
2024/1/15 12:00,19296,24.9,53,2.64,5
2024/1/15 13:00,17494,23.9,54,2.33,4
2024/1/15 14:00,14098,22.4,58,1.88,3
2024/1/15 15:00,9102,21.3,62,1.22,1
2024/1/15 16:00,3556,20.4,66,0.5,0
2024/1/15 17:00,249,19.1,72,0.03,0
2024/1/16 06:00,12,14.5,86,0.01,0
2024/1/16 07:00,2139,15.6,83,0.26,0
2024/1/16 08:00,7551,17.6,70,1.02,1
2024/1/16 09:00,13548,19.4,63,1.72,3
2024/1/16 10:00,17266,21.4,56,2.25,4
2024/1/16 11:00,19194,22.8,52,2.58,6
2024/1/16 12:00,19185,23.3,50,2.65,6
2024/1/16 13:00,17708,24.2,49,2.38,5
2024/1/16 14:00,14561,24.1,50,1.94,3
2024/1/16 15:00,9738,22.3,54,1.31,1
2024/1/16 16:00,3957,21.2,57,0.57,0
2024/1/16 17:00,258,19.9,61,0.04,0
2024/1/17 06:00,16,13.8,89,0.01,0
2024/1/17 07:00,2523,15.7,81,0.26,0
2024/1/17 08:00,8179,18.4,71,1.05,1
2024/1/17 09:00,13509,21.2,62,1.72,3
2024/1/17 10:00,17094,23.1,54,2.21,4
2024/1/17 11:00,18568,24.4,48,2.53,5
2024/1/17 12:00,18286,25,45,2.61,6
2024/1/17 13:00,17402,25,51,2.38,5
2024/1/17 14:00,14505,23.8,59,1.94,3
2024/1/17 15:00,9715,22.5,68,1.32,1
2024/1/17 16:00,3870,21.1,76,0.54,0
2024/1/17 17:00,276,20,80,0.04,0
2024/1/18 06:00,13,16,96,0.01,0
2024/1/18 07:00,2235,17.5,92,0.27,0
2024/1/18 08:00,7975,20.3,72,1.01,1
2024/1/18 09:00,13275,22.5,60,1.73,3
2024/1/18 10:00,17402,24,58,2.26,4
2024/1/18 11:00,19293,25.8,58,2.64,6
2024/1/18 12:00,18701,25.9,54,2.51,6
2024/1/18 13:00,17503,24.9,58,2.39,5
2024/1/18 14:00,14326,25,59,1.94,3
2024/1/18 15:00,9684,23.7,65,1.33,1
2024/1/18 16:00,3927,23.3,68,0.56,0
2024/1/18 17:00,170,22,71,0.02,0
2024/1/19 06:00,16,19,84,0.01,0
2024/1/19 07:00,1365,20.1,75,0.21,0
2024/1/19 08:00,7535,21.9,64,1.02,1
2024/1/19 09:00,8550,23.4,59,1.26,2
2024/1/19 10:00,13643,25,58,1.95,4
2024/1/19 11:00,10729,24.7,53,1.52,4
2024/1/19 12:00,19429,26.7,51,2.68,6
2024/1/19 13:00,17157,26.4,57,2.32,5
2024/1/19 14:00,14090,26,58,1.93,3
2024/1/19 15:00,8391,24.4,68,1.1,1
2024/1/19 16:00,3794,22.7,74,0.42,0
2024/1/19 17:00,468,21.6,79,0.06,0
2024/1/20 06:00,0,18.9,90,0.01,0
2024/1/20 07:00,849,19.4,88,0.23,0
2024/1/20 08:00,7070,21.2,78,0.95,1
2024/1/20 09:00,11437,23.2,69,1.59,2
2024/1/20 10:00,15973,24.8,60,2.12,4
2024/1/20 11:00,18149,25.1,65,2.52,6
2024/1/20 12:00,18911,25.4,63,2.6,6
2024/1/20 13:00,17551,25.1,62,2.37,5
2024/1/20 14:00,14320,25.2,59,1.91,3
2024/1/20 15:00,9180,24.7,61,1.21,1
2024/1/20 16:00,3569,21.4,78,0.39,0
2024/1/20 17:00,128,20.5,81,0.02,0
2024/1/21 06:00,0,15,90,0,0
2024/1/21 07:00,954,16.1,86,0.16,0
2024/1/21 08:00,3299,16.1,88,0.34,1
2024/1/21 09:00,7441,17.7,81,1.13,2
2024/1/21 10:00,13689,19.1,74,1.84,4
2024/1/21 11:00,17249,20.1,69,1.85,5
2024/1/21 12:00,18922,21.7,63,2.6,6
2024/1/21 13:00,19857,21.6,62,2.55,6
2024/1/21 14:00,15777,20.8,62,2.03,4
2024/1/21 15:00,10612,19.9,64,1.37,2
2024/1/21 16:00,4519,18,67,0.61,0
2024/1/21 17:00,357,17.1,71,0.05,0
2024/1/22 06:00,0,15.9,76,0,0
2024/1/22 07:00,197,15.9,78,0.04,0
2024/1/22 08:00,853,15.7,78,0.13,0
2024/1/22 09:00,4116,15.7,76,0.48,1
2024/1/22 10:00,2908,15.6,74,0.39,1
2024/1/22 11:00,5998,16.7,69,0.83,3
2024/1/22 12:00,10951,17.3,66,1.53,4
2024/1/22 13:00,14996,18,63,2.07,5
2024/1/22 14:00,14733,17.6,63,2.05,4
2024/1/22 15:00,6332,16,68,0.84,1
2024/1/22 16:00,2118,15.3,69,0.26,0
2024/1/22 17:00,68,14.5,71,0.01,0
2024/1/23 06:00,0,7.5,90,0,0
2024/1/23 07:00,165,7.9,90,0.04,0
2024/1/23 08:00,1002,8,86,0.14,0
2024/1/23 09:00,2229,8.4,84,0.26,1
2024/1/23 10:00,3566,9,80,0.4,1
2024/1/23 11:00,5319,9.8,78,0.56,2
2024/1/23 12:00,8589,11.2,73,1.1,3
2024/1/23 13:00,11012,11.8,69,1.25,3
2024/1/23 14:00,5108,11.3,71,0.53,1
2024/1/23 15:00,2459,10.8,74,0.3,1
2024/1/23 16:00,1070,10.3,77,0.14,0
2024/1/23 17:00,67,10.1,78,0.02,0
2024/1/24 06:00,0,10.1,73,0,0
2024/1/24 07:00,468,10.3,72,0.08,0
2024/1/24 08:00,1923,10.8,71,0.25,0
2024/1/24 09:00,5350,12.1,67,0.81,2
2024/1/24 10:00,10381,13,62,1.25,3
2024/1/24 11:00,11098,14.3,59,1.39,4
2024/1/24 12:00,9442,15.1,56,1.22,3
2024/1/24 13:00,6967,14.7,58,0.81,2
2024/1/24 14:00,5222,14.5,58,0.62,1
2024/1/24 15:00,2415,13.8,61,0.29,1
2024/1/24 16:00,1028,13.7,64,0.13,0
2024/1/24 17:00,79,13.2,67,0.02,0
2024/1/25 06:00,0,11.7,78,0,0
2024/1/25 07:00,2311,12.8,75,0.23,0
2024/1/25 08:00,3574,13.9,72,0.39,0
2024/1/25 09:00,3650,15,68,0.47,1
2024/1/25 10:00,4631,15.3,67,0.6,2
2024/1/25 11:00,3750,14.5,68,0.44,1
2024/1/25 12:00,6688,14.9,68,0.75,2
2024/1/25 13:00,4536,14.4,70,0.44,1
2024/1/25 14:00,4795,14.7,69,0.52,1
2024/1/25 15:00,3517,14.5,71,0.46,1
2024/1/25 16:00,820,14,73,0.11,0
2024/1/25 17:00,58,13.5,77,0.01,0
2024/1/26 06:00,7,12.2,82,0.01,0
2024/1/26 07:00,1793,12.9,78,0.23,0
2024/1/26 08:00,8305,14.2,72,1.01,1
2024/1/26 09:00,14109,16.2,64,1.72,3
2024/1/26 10:00,18019,18.2,57,2.28,4
2024/1/26 11:00,19982,19.2,55,2.6,6
2024/1/26 12:00,20221,20.3,52,2.69,6
2024/1/26 13:00,18485,20.3,53,2.41,5
2024/1/26 14:00,15047,19.3,55,1.92,3
2024/1/26 15:00,9807,18.3,58,1.26,1
2024/1/26 16:00,4206,17.1,62,0.54,0
2024/1/26 17:00,491,15.9,67,0.05,0
2024/1/27 06:00,17,13.3,80,0.01,0
2024/1/27 07:00,1128,13.6,78,0.17,0
2024/1/27 08:00,4788,15,74,0.52,1
2024/1/27 09:00,7071,16.2,70,0.77,2
2024/1/27 10:00,13535,18.8,61,1.9,4
2024/1/27 11:00,19282,18.2,61,2.1,5
2024/1/27 12:00,17375,17.9,63,2.31,5
2024/1/27 13:00,5547,16.9,69,0.54,2
2024/1/27 14:00,3831,16.9,69,0.51,1
2024/1/27 15:00,3466,17.2,69,0.5,1
2024/1/27 16:00,1475,16.6,72,0.17,0
2024/1/27 17:00,103,16.2,74,0.02,0
2024/1/28 06:00,9,13.1,80,0.01,0
2024/1/28 07:00,1265,13.7,76,0.21,0
2024/1/28 08:00,3383,14.4,71,0.46,1
2024/1/28 09:00,7483,16,66,0.9,2
2024/1/28 10:00,11890,17.1,61,1.4,3
2024/1/28 11:00,10370,17.2,59,1.26,3
2024/1/28 12:00,13323,18.1,59,1.48,4
2024/1/28 13:00,10406,18.8,56,1.31,3
2024/1/28 14:00,8133,19,56,0.95,2
2024/1/28 15:00,6042,18,57,0.62,1
2024/1/28 16:00,1415,16.9,61,0.17,0
2024/1/28 17:00,99,16,63,0.02,0
2024/1/29 06:00,5,14.1,87,0.01,0
2024/1/29 07:00,1120,15.4,82,0.16,0
2024/1/29 08:00,2914,16.6,79,0.41,1
2024/1/29 09:00,6844,18.8,74,0.95,2
2024/1/29 10:00,16782,20.2,66,2.02,4
2024/1/29 11:00,20338,21.5,62,2.61,6
2024/1/29 12:00,18531,22.4,59,2.25,6
2024/1/29 13:00,16050,22.9,58,2.26,5
2024/1/29 14:00,16150,22.1,64,2.03,3
2024/1/29 15:00,10570,19.5,79,1.35,2
2024/1/29 16:00,4037,18.3,85,0.42,0
2024/1/29 17:00,406,18.1,86,0.04,0
2024/1/30 06:00,21,17.1,92,0.01,0
2024/1/30 07:00,961,17.1,91,0.16,0
2024/1/30 08:00,2239,18.1,86,0.41,1
2024/1/30 09:00,9553,20.2,75,1.38,2
2024/1/30 10:00,16630,21.5,70,2.11,4
2024/1/30 11:00,15785,23.4,62,1.91,5
2024/1/30 12:00,13570,22.8,67,1.99,5
2024/1/30 13:00,17431,25,59,2.44,5
2024/1/30 14:00,15498,25,54,2.04,3
2024/1/30 15:00,11043,23.4,60,1.48,2
2024/1/30 16:00,4586,22.5,63,0.63,0
2024/1/30 17:00,488,22.1,64,0.06,0
2024/1/31 06:00,41,16.8,92,0.01,0
2024/1/31 07:00,3021,18.4,84,0.31,0
2024/1/31 08:00,9209,20.7,72,1.13,1
2024/1/31 09:00,14641,23.9,59,1.84,3
2024/1/31 10:00,18321,26.1,52,2.39,5
2024/1/31 11:00,20409,27.4,49,2.75,6
2024/1/31 12:00,19418,27.1,50,2.86,6
2024/1/31 13:00,18314,27.7,45,2.54,5
2024/1/31 14:00,15810,27.5,46,2.08,3
2024/1/31 15:00,10778,26.6,52,1.42,2
2024/1/31 16:00,5009,25.6,55,0.69,0
2024/1/31 17:00,605,24.3,58,0.09,0
2024/2/1 06:00,41,17.1,92,0.01,0
2024/2/1 07:00,2822,19.3,82,0.29,0
2024/2/1 08:00,9067,21.3,75,1.11,1
2024/2/1 09:00,14235,24,60,1.79,3
2024/2/1 10:00,17904,25.8,49,2.35,5
2024/2/1 11:00,19524,27.9,45,2.7,6
2024/2/1 12:00,19846,28.8,45,2.75,6
2024/2/1 13:00,18706,28.4,44,2.47,5
2024/2/1 14:00,15714,28.6,43,2.04,4
2024/2/1 15:00,10654,26.9,48,1.39,2
2024/2/1 16:00,4742,25.8,54,0.65,0
2024/2/1 17:00,529,24.6,60,0.07,0
2024/2/2 06:00,96,18.3,92,0.02,0
2024/2/2 07:00,2672,19.8,80,0.32,0
2024/2/2 08:00,8794,21.8,76,1.09,1
2024/2/2 09:00,14079,23.8,66,1.8,3
2024/2/2 10:00,18051,24.7,66,2.36,5
2024/2/2 11:00,20103,25.1,65,2.67,7
2024/2/2 12:00,20257,24.9,66,2.71,7
2024/2/2 13:00,19166,24.7,66,2.57,6
2024/2/2 14:00,15919,25.3,61,2.08,4
2024/2/2 15:00,8745,22.8,71,1.16,2
2024/2/2 16:00,4459,21.6,75,0.67,1
2024/2/2 17:00,591,20.3,79,0.09,0
2024/2/3 06:00,14,18.6,83,0.01,0
2024/2/3 07:00,1496,19.5,79,0.22,0
2024/2/3 08:00,4813,20.9,73,0.68,1
2024/2/3 09:00,9112,22.9,64,1.28,3
2024/2/3 10:00,12841,25.6,54,1.76,4
2024/2/3 11:00,15683,27.4,48,2.17,6
2024/2/3 12:00,16500,28.5,50,2.35,6
2024/2/3 13:00,17300,26.3,57,2.55,6
2024/2/3 14:00,16086,25.3,62,2.14,4
2024/2/3 15:00,12089,25.1,61,1.64,2
2024/2/3 16:00,3209,24.6,64,0.47,1
2024/2/3 17:00,1028,22.9,71,0.14,0
2024/2/4 06:00,16,19.4,87,0.01,0
2024/2/4 07:00,1010,19.9,84,0.14,0
2024/2/4 08:00,2764,20.7,82,0.37,1
2024/2/4 09:00,8493,21.9,77,1.13,3
2024/2/4 10:00,12347,23.6,70,1.51,4
2024/2/4 11:00,16174,25.3,63,2.08,6
2024/2/4 12:00,9098,24.5,63,1.13,4
2024/2/4 13:00,6993,24.8,62,0.89,3
2024/2/4 14:00,6489,24.7,64,0.72,2
2024/2/4 15:00,3712,24.2,67,0.4,1
2024/2/4 16:00,1288,24.2,68,0.19,0
2024/2/4 17:00,148,20.7,83,0.03,0
2024/2/5 06:00,8,18.7,76,0.01,0
2024/2/5 07:00,1479,19.4,72,0.22,0
2024/2/5 08:00,8915,21.8,62,0.85,1
2024/2/5 09:00,5894,22.2,58,0.66,1
2024/2/5 10:00,6127,23.3,53,0.86,3
2024/2/5 11:00,11744,24.6,49,1.44,4
2024/2/5 12:00,17164,25.5,47,1.96,5
2024/2/5 13:00,9297,25.4,49,1.09,3
2024/2/5 14:00,8802,26.2,47,1.19,3
2024/2/5 15:00,4416,26,50,0.48,1
2024/2/5 16:00,1656,22.9,67,0.2,0
2024/2/5 17:00,358,21.2,73,0.05,0
2024/2/6 06:00,3,16.7,79,0.01,0
2024/2/6 07:00,922,17.6,78,0.15,0
2024/2/6 08:00,3717,18.7,74,0.46,1
2024/2/6 09:00,6156,19.4,70,0.84,2
2024/2/6 10:00,12133,20.6,68,2,5
2024/2/6 11:00,17270,23.2,62,2.35,6
2024/2/6 12:00,19250,24.2,58,2.54,6
2024/2/6 13:00,15117,24.4,56,2.32,5
2024/2/6 14:00,12189,21.9,65,1.62,3
2024/2/6 15:00,10188,21.1,68,1.4,2
2024/2/6 16:00,2979,20.1,71,0.36,0
2024/2/6 17:00,234,19.7,74,0.04,0
2024/2/7 06:00,9,16.7,85,0.01,0
2024/2/7 07:00,2250,17.3,82,0.31,0
2024/2/7 08:00,6171,16.7,84,0.7,1
2024/2/7 09:00,4793,17,81,0.6,1
2024/2/7 10:00,5781,17.5,79,0.67,2
2024/2/7 11:00,7501,18.4,75,0.91,3
2024/2/7 12:00,9393,19,73,1.22,4
2024/2/7 13:00,5106,17.9,78,0.63,2
2024/2/7 14:00,2142,16.3,87,0.24,1
2024/2/7 15:00,1016,15.5,82,0.15,0
2024/2/7 16:00,641,16.1,79,0.08,0
2024/2/7 17:00,212,15.5,81,0.05,0
2024/2/8 06:00,0,13.8,93,0,0
2024/2/8 07:00,577,13.9,91,0.1,0
2024/2/8 08:00,2606,15,86,0.47,1
2024/2/8 09:00,6068,15.3,84,0.83,2
2024/2/8 10:00,8206,16.9,77,1.25,4
2024/2/8 11:00,8715,17,77,1.11,4
2024/2/8 12:00,6122,17.9,73,0.92,3
2024/2/8 13:00,14964,19.2,69,2.14,5
2024/2/8 14:00,10965,16.4,76,1.25,3
2024/2/8 15:00,3944,16.4,76,0.46,1
2024/2/8 16:00,1420,15.4,79,0.17,0
2024/2/8 17:00,153,14.6,81,0.03,0
2024/2/9 06:00,13,12.3,91,0.01,0
2024/2/9 07:00,1338,12.4,88,0.23,0
2024/2/9 08:00,6327,13.5,83,0.91,1
2024/2/9 09:00,13606,13.7,80,1.86,3
2024/2/9 10:00,11153,14.1,77,1.63,4
2024/2/9 11:00,16566,16.2,72,2.29,6
2024/2/9 12:00,17955,16,70,2.19,6
2024/2/9 13:00,14794,15.1,71,1.64,4
2024/2/9 14:00,9132,14,77,0.88,2
2024/2/9 15:00,4276,13.8,76,0.43,1
2024/2/9 16:00,2376,13,79,0.24,0
2024/2/9 17:00,238,12.6,80,0.03,0
2024/2/10 06:00,5,12.9,76,0.01,0
2024/2/10 07:00,802,13.5,73,0.13,0
2024/2/10 08:00,2394,13.6,69,0.3,1
2024/2/10 09:00,3567,14.5,66,0.49,1
2024/2/10 10:00,4543,15.6,63,0.64,2
2024/2/10 11:00,4957,16.2,59,0.68,2
2024/2/10 12:00,4843,17.7,55,0.69,2
2024/2/10 13:00,6203,17.9,53,0.81,2
2024/2/10 14:00,6294,17.7,55,0.63,2
2024/2/10 15:00,4078,18,53,0.49,1
2024/2/10 16:00,2526,17.4,56,0.44,0
2024/2/10 17:00,394,16.6,60,0.06,0
2024/2/11 06:00,87,9.9,69,0.02,0
2024/2/11 07:00,3762,13,50,0.37,0
2024/2/11 08:00,10832,15,48,1.32,1
2024/2/11 09:00,16850,19.2,33,2.13,3
2024/2/11 10:00,20878,21.9,18,2.75,6
2024/2/11 11:00,23280,22.9,17,3.17,7
2024/2/11 12:00,23967,23.3,15,3.3,8
2024/2/11 13:00,22242,23.9,14,2.97,7
2024/2/11 14:00,18934,23.9,17,2.47,4
2024/2/11 15:00,13524,22.1,29,1.74,2
2024/2/11 16:00,6765,20.7,34,0.91,1
2024/2/11 17:00,1037,18.6,43,0.15,0
2024/2/12 06:00,127,10.4,67,0.02,0
2024/2/12 07:00,3830,12.2,61,0.39,0
2024/2/12 08:00,10615,15.8,49,1.3,1
2024/2/12 09:00,16372,18.8,37,2.05,3
2024/2/12 10:00,20317,21.1,35,2.65,6
2024/2/12 11:00,22285,23.2,36,3.05,7
2024/2/12 12:00,22555,23.4,39,3.15,7
2024/2/12 13:00,20944,23.4,36,2.81,6
2024/2/12 14:00,17735,23.1,37,2.34,4
2024/2/12 15:00,12956,21.4,40,1.69,2
2024/2/12 16:00,6693,20.4,28,0.91,1
2024/2/12 17:00,1083,18.5,41,0.15,0
2024/2/13 06:00,117,11.7,69,0.02,0
2024/2/13 07:00,3858,13.6,63,0.4,0
2024/2/13 08:00,10851,16.6,51,1.33,2
2024/2/13 09:00,16648,19.8,42,2.09,4
2024/2/13 10:00,20458,22.3,30,2.67,6
2024/2/13 11:00,22431,23.4,31,3.04,7
2024/2/13 12:00,22429,23.5,30,3.11,7
2024/2/13 13:00,20844,23.4,28,2.75,6
2024/2/13 14:00,17698,23.2,28,2.31,4
2024/2/13 15:00,12639,22.6,27,1.64,2
2024/2/13 16:00,6391,22.1,30,0.86,1
2024/2/13 17:00,1085,20.7,38,0.14,0
2024/2/14 06:00,129,13.1,74,0.02,0
2024/2/14 07:00,3762,15.6,65,0.4,0
2024/2/14 08:00,10430,18.8,51,1.28,1
2024/2/14 09:00,16076,21.6,44,2.03,3
2024/2/14 10:00,19855,24,39,2.6,6
2024/2/14 11:00,21782,24.9,35,2.96,7
2024/2/14 12:00,21726,26.4,34,3.08,7
2024/2/14 13:00,20106,26.6,38,2.72,6
2024/2/14 14:00,16971,26,41,2.26,4
2024/2/14 15:00,12023,24.5,43,1.59,2
2024/2/14 16:00,5955,23.3,44,0.82,1
2024/2/14 17:00,988,22.1,49,0.13,0
2024/2/15 06:00,111,15.8,79,0.02,0
2024/2/15 07:00,3600,17.8,70,0.39,0
2024/2/15 08:00,10528,21.2,55,1.25,1
2024/2/15 09:00,15034,23.8,47,1.93,3
2024/2/15 10:00,19042,25.8,43,2.53,5
2024/2/15 11:00,21131,27,44,2.92,7
2024/2/15 12:00,21132,27.5,43,2.98,7
2024/2/15 13:00,19619,27.6,44,2.67,6
2024/2/15 14:00,16320,27.2,49,2.17,4
2024/2/15 15:00,11600,26.5,53,1.53,2
2024/2/15 16:00,5556,25.3,57,0.73,1
2024/2/15 17:00,656,24.1,62,0.09,0
2024/2/16 06:00,73,16.4,83,0.02,0
2024/2/16 07:00,1721,16.7,80,0.32,0
2024/2/16 08:00,6762,17.8,74,1.13,1
2024/2/16 09:00,15474,19.8,67,1.93,3
2024/2/16 10:00,18763,21.4,61,2.37,5
2024/2/16 11:00,20935,22.9,57,2.82,7
2024/2/16 12:00,20118,24,56,2.9,7
2024/2/16 13:00,20044,23.6,53,2.71,6
2024/2/16 14:00,17021,21.8,59,2.23,4
2024/2/16 15:00,11589,20.4,63,1.63,2
2024/2/16 16:00,5926,19.2,66,0.81,1
2024/2/16 17:00,1035,18.5,70,0.14,0
2024/2/17 06:00,101,16.1,85,0.03,0
2024/2/17 07:00,2474,17.1,79,0.37,0
2024/2/17 08:00,9784,19.5,73,1.25,1
2024/2/17 09:00,15508,21.3,64,2,3
2024/2/17 10:00,19516,23.4,58,2.54,5
2024/2/17 11:00,21548,23.8,57,2.9,7
2024/2/17 12:00,21804,24.5,58,3.02,7
2024/2/17 13:00,20012,25.1,58,2.79,6
2024/2/17 14:00,17431,23.7,59,2.36,4
2024/2/17 15:00,12328,22.9,60,1.64,2
2024/2/17 16:00,6454,22.8,61,0.86,1
2024/2/17 17:00,1042,22.1,64,0.16,0
2024/2/18 06:00,200,16.1,87,0.03,0
2024/2/18 07:00,3923,17.9,76,0.45,0
2024/2/18 08:00,10339,20.5,67,1.28,2
2024/2/18 09:00,14730,23.7,58,1.98,3
2024/2/18 10:00,19365,25.6,52,2.57,6
2024/2/18 11:00,21284,26.1,50,2.93,7
2024/2/18 12:00,21099,27.1,48,2.96,7
2024/2/18 13:00,20261,28.1,43,2.8,6
2024/2/18 14:00,16841,28,45,2.26,4
2024/2/18 15:00,11958,27.4,50,1.61,2
2024/2/18 16:00,5847,26.5,52,0.83,1
2024/2/18 17:00,1040,24.9,58,0.13,0
2024/2/19 06:00,232,19.6,81,0.05,0
2024/2/19 07:00,4773,21.9,66,0.58,0
2024/2/19 08:00,9098,24.3,59,1.23,2
2024/2/19 09:00,16049,26.3,51,1.81,4
2024/2/19 10:00,13289,27.9,48,2.04,5
2024/2/19 11:00,13948,28.2,49,1.67,5
2024/2/19 12:00,13554,28.4,51,1.88,6
2024/2/19 13:00,15199,29.8,49,2.08,5
2024/2/19 14:00,13541,29.1,50,2.01,4
2024/2/19 15:00,9004,27.9,59,1.24,2
2024/2/19 16:00,5267,27.2,61,0.73,1
2024/2/19 17:00,891,25.8,67,0.1,0
2024/2/20 06:00,99,20.7,91,0.02,0
2024/2/20 07:00,2680,22.3,84,0.28,0
2024/2/20 08:00,7148,24.1,75,0.77,1
2024/2/20 09:00,11737,25.8,68,1.48,3
2024/2/20 10:00,14909,27.8,62,2.55,6
2024/2/20 11:00,20057,28.8,59,3.02,8
2024/2/20 12:00,20670,29.6,56,3.08,8
2024/2/20 13:00,20019,30,55,2.7,6
2024/2/20 14:00,11079,30.4,57,1.56,3
2024/2/20 15:00,9026,28.4,63,1.56,2
2024/2/20 16:00,5367,27.7,65,0.76,1
2024/2/20 17:00,1059,27,68,0.15,0
2024/2/21 06:00,202,20.4,86,0.03,0
2024/2/21 07:00,4379,22.3,80,0.48,0
2024/2/21 08:00,10868,24.5,72,1.42,2
2024/2/21 09:00,16133,26.5,63,2.13,4
2024/2/21 10:00,19860,28.3,57,2.7,6
2024/2/21 11:00,21593,30.2,49,3.06,8
2024/2/21 12:00,21742,29.4,52,3.09,8
2024/2/21 13:00,20488,29.1,52,2.87,7
2024/2/21 14:00,17268,28.1,58,2.25,4
2024/2/21 15:00,12058,27.5,64,1.31,2
2024/2/21 16:00,5851,26.5,68,0.82,1
2024/2/21 17:00,937,25.7,74,0.13,0
2024/2/22 06:00,167,20.2,81,0.03,0
2024/2/22 07:00,3691,22.2,72,0.46,0
2024/2/22 08:00,8799,24.8,65,1.39,2
2024/2/22 09:00,15811,26,60,1.91,4
2024/2/22 10:00,19831,26.8,60,1.96,4
2024/2/22 11:00,22515,26.6,66,1.44,5
2024/2/22 12:00,16461,27,64,2.61,6
2024/2/22 13:00,15803,26.8,62,2.69,6
2024/2/22 14:00,16630,27.4,59,2.21,4
2024/2/22 15:00,11395,25.7,63,1.6,2
2024/2/22 16:00,5671,24.1,67,0.81,1
2024/2/22 17:00,1010,22.9,70,0.14,0
2024/2/23 06:00,223,17.5,80,0.04,0
2024/2/23 07:00,4035,18.1,77,0.49,0
2024/2/23 08:00,10551,18.1,70,1.36,2
2024/2/23 09:00,15832,19.7,65,2.13,4
2024/2/23 10:00,20260,21.5,60,2.67,6
2024/2/23 11:00,22021,24,54,3.04,8
2024/2/23 12:00,22148,25.2,51,3.12,8
2024/2/23 13:00,20560,25.3,50,2.86,7
2024/2/23 14:00,17316,24.5,53,2.31,5
2024/2/23 15:00,12313,24.1,54,1.71,2
2024/2/23 16:00,6164,22.8,58,0.89,1
2024/2/23 17:00,1190,19.6,68,0.17,0
2024/2/24 06:00,236,16.8,78,0.04,0
2024/2/24 07:00,3987,17.8,75,0.46,0
2024/2/24 08:00,10460,19.7,68,1.38,2
2024/2/24 09:00,16009,22.8,59,2.08,4
2024/2/24 10:00,19609,23.3,56,2.65,6
2024/2/24 11:00,21685,23.3,55,3.01,7
2024/2/24 12:00,21981,23.2,56,3.08,8
2024/2/24 13:00,20768,25.2,51,2.87,7
2024/2/24 14:00,13975,24.6,53,1.73,4
2024/2/24 15:00,4753,24.4,54,0.64,1
2024/2/24 16:00,2304,22.5,62,0.29,0
2024/2/24 17:00,516,21.2,66,0.07,0
2024/2/25 06:00,172,15.8,84,0.04,0
2024/2/25 07:00,3148,16.5,81,0.37,0
2024/2/25 08:00,9044,18.7,72,1.23,2
2024/2/25 09:00,15993,20.5,63,2.09,4
2024/2/25 10:00,19714,20.8,63,2.61,6
2024/2/25 11:00,21156,22.5,55,2.99,7
2024/2/25 12:00,20396,23.1,54,2.93,7
2024/2/25 13:00,17572,22.2,55,2.62,6
2024/2/25 14:00,14112,21.8,56,1.93,4
2024/2/25 15:00,9019,21.1,59,1.34,2
2024/2/25 16:00,4933,19.8,62,0.72,1
2024/2/25 17:00,750,18.7,66,0.1,0
2024/2/26 06:00,111,13.8,77,0.03,0
2024/2/26 07:00,1514,15,74,0.23,0
2024/2/26 08:00,3942,15.7,71,0.56,1
2024/2/26 09:00,7381,16.8,66,1.05,2
2024/2/26 10:00,12118,17.5,64,1.33,4
2024/2/26 11:00,14121,19.7,58,1.95,6
2024/2/26 12:00,14579,19.4,58,1.93,6
2024/2/26 13:00,16330,20.3,55,1.7,5
2024/2/26 14:00,8691,20.1,57,1.46,3
2024/2/26 15:00,5504,19.2,59,0.86,2
2024/2/26 16:00,3891,17.5,65,0.41,1
2024/2/26 17:00,428,16.4,70,0.07,0
2024/2/27 06:00,20,14.7,79,0.02,0
2024/2/27 07:00,493,15,78,0.09,0
2024/2/27 08:00,2043,15.7,76,0.28,1
2024/2/27 09:00,5019,15.7,76,0.52,1
2024/2/27 10:00,5028,16.3,76,0.6,2
2024/2/27 11:00,12024,16.7,77,1.2,4
2024/2/27 12:00,10849,16.2,78,1.1,4
2024/2/27 13:00,8229,18.4,70,1.14,3
2024/2/27 14:00,10286,20.3,62,1.43,3
2024/2/27 15:00,6322,18.2,69,0.78,2
2024/2/27 16:00,4931,17.4,72,0.86,1
2024/2/27 17:00,966,16.2,76,0.16,0
2024/2/28 06:00,121,15.6,83,0.03,0
2024/2/28 07:00,2917,16.7,78,0.44,0
2024/2/28 08:00,9385,18.4,71,1.22,2
2024/2/28 09:00,14855,20.7,63,1.93,3
2024/2/28 10:00,18027,22.9,59,2.57,6
2024/2/28 11:00,20622,23.9,56,2.94,7
2024/2/28 12:00,19578,25.1,52,2.56,7
2024/2/28 13:00,14605,25.1,54,2,5
2024/2/28 14:00,13140,23.7,61,1.88,4
2024/2/28 15:00,10460,21.7,68,1.43,2
2024/2/28 16:00,5922,21,70,0.83,1
2024/2/28 17:00,1203,20.1,74,0.18,0
2024/2/29 06:00,281,16.6,89,0.05,0
2024/2/29 07:00,3221,19.1,80,0.45,0
2024/2/29 08:00,2835,20.1,75,0.42,1
2024/2/29 09:00,7310,21.7,69,1.01,2
2024/2/29 10:00,14202,24.2,61,2.17,5
2024/2/29 11:00,15295,26.5,52,2.22,6
2024/2/29 12:00,13916,28.1,49,1.79,5
2024/2/29 13:00,15173,27.9,51,2.79,6
2024/2/29 14:00,15009,26.3,58,2.58,4
2024/2/29 15:00,11780,23.1,69,1.63,2
2024/2/29 16:00,6042,21.3,76,0.87,1
2024/2/29 17:00,1206,19.3,81,0.17,0
2024/3/1 06:00,86,13.4,75,0.02,0
2024/3/1 07:00,955,13.9,71,0.14,0
2024/3/1 08:00,4192,15.4,65,0.71,1
2024/3/1 09:00,8382,16.5,61,1.18,3
2024/3/1 10:00,7327,15.4,64,0.84,2
2024/3/1 11:00,13543,16.6,60,1.97,6
2024/3/1 12:00,17513,17.2,61,2.05,6
2024/3/1 13:00,10849,16,64,1.26,4
2024/3/1 14:00,5305,16,66,0.61,2
2024/3/1 15:00,2494,14.6,73,0.29,1
2024/3/1 16:00,1233,14.4,74,0.18,0
2024/3/1 17:00,318,14,76,0.05,0
2024/3/2 06:00,0,12.6,79,0,0
2024/3/2 07:00,49,11.8,90,0.02,0
2024/3/2 08:00,862,12,91,0.11,0
2024/3/2 09:00,1260,12.4,85,0.19,1
2024/3/2 10:00,3172,13.2,80,0.43,1
2024/3/2 11:00,4216,13.7,77,0.6,2
2024/3/2 12:00,1781,14.2,75,0.22,1
2024/3/2 13:00,2104,14,79,0.26,1
2024/3/2 14:00,4701,14.8,78,0.57,2
2024/3/2 15:00,2991,13.5,79,0.27,1
2024/3/2 16:00,765,14.2,79,0.11,0
2024/3/2 17:00,550,14.1,77,0.07,0
2024/3/3 06:00,349,13,85,0.06,0
2024/3/3 07:00,2736,13.6,83,0.36,0
2024/3/3 08:00,8636,15,79,1.18,2
2024/3/3 09:00,16606,16.6,72,2,4
2024/3/3 10:00,17823,18.6,64,2.3,6
2024/3/3 11:00,18855,19.8,60,2.9,8
2024/3/3 12:00,22561,21.5,57,2.74,8
2024/3/3 13:00,13903,21.9,56,2.96,7
2024/3/3 14:00,17548,22.8,54,2.41,5
2024/3/3 15:00,12152,21.5,57,1.63,2
2024/3/3 16:00,5933,20.5,60,0.82,1
2024/3/3 17:00,1224,18.6,69,0.17,0
2024/3/4 06:00,353,14.7,90,0.06,0
2024/3/4 07:00,4078,16.2,83,0.52,0
2024/3/4 08:00,10031,18.3,74,1.3,1
2024/3/4 09:00,15771,21.7,61,2.01,3
2024/3/4 10:00,19143,21.7,65,2.64,6
2024/3/4 11:00,21358,22.6,61,2.65,6
2024/3/4 12:00,21856,25.1,52,2.56,6
2024/3/4 13:00,18950,26.5,51,2.58,6
2024/3/4 14:00,15666,27.1,50,2.16,4
2024/3/4 15:00,11342,26.1,53,1.56,2
2024/3/4 16:00,5564,25.2,58,0.79,1
2024/3/4 17:00,1068,22.9,64,0.14,0
2024/3/5 06:00,172,19.8,89,0.05,0
2024/3/5 07:00,4405,22.9,74,0.59,1
2024/3/5 08:00,9580,27,57,1.3,2
2024/3/5 09:00,11771,28,54,1.51,3
2024/3/5 10:00,14825,29.7,47,2.31,5
2024/3/5 11:00,14168,30.1,45,2.27,6
2024/3/5 12:00,15136,29.9,47,1.6,4
2024/3/5 13:00,15179,29.7,48,1.8,5
2024/3/5 14:00,15593,30,46,1.47,3
2024/3/5 15:00,11922,29.9,48,1.21,2
2024/3/5 16:00,7212,29.1,52,1.01,1
2024/3/5 17:00,1669,28,56,0.23,0
2024/3/6 06:00,292,24.3,72,0.06,0
2024/3/6 07:00,3502,26,65,0.51,0
2024/3/6 08:00,7365,27.1,62,1.27,2
2024/3/6 09:00,9680,26.8,64,1.02,2
2024/3/6 10:00,7899,27,65,1.1,3
2024/3/6 11:00,13655,26,65,1.48,4
2024/3/6 12:00,9141,26,59,2.11,6
2024/3/6 13:00,11377,27.3,59,2.81,7
2024/3/6 14:00,8871,27,60,2.01,4
2024/3/6 15:00,2971,22.1,69,0.41,1
2024/3/6 16:00,3572,20.9,69,0.46,0
2024/3/6 17:00,1222,20.1,70,0.19,0
2024/3/7 06:00,46,16.1,76,0.02,0
2024/3/7 07:00,1705,16.6,73,0.25,0
2024/3/7 08:00,2446,16.1,75,0.27,1
2024/3/7 09:00,2545,16.2,75,0.35,1
2024/3/7 10:00,10444,18.3,67,1.68,4
2024/3/7 11:00,17576,20,61,2.24,6
2024/3/7 12:00,10248,18.7,68,1.19,4
2024/3/7 13:00,2146,17.7,70,0.48,2
2024/3/7 14:00,1375,17,78,0.25,1
2024/3/7 15:00,8111,18.4,70,1,2
2024/3/7 16:00,3264,18.4,70,0.38,1
2024/3/7 17:00,526,16.6,75,0.07,0
2024/3/8 06:00,404,14.9,72,0.07,0
2024/3/8 07:00,4684,15.7,60,0.66,1
2024/3/8 08:00,11245,17.5,49,1.44,2
2024/3/8 09:00,16785,19.2,42,2.17,4
2024/3/8 10:00,20500,20.2,41,2.71,6
2024/3/8 11:00,22288,22,40,3.05,8
2024/3/8 12:00,22162,22.1,40,3.09,8
2024/3/8 13:00,20637,21.9,40,2.85,7
2024/3/8 14:00,17052,21.7,39,2.33,4
2024/3/8 15:00,11830,20.1,41,1.57,2
2024/3/8 16:00,4555,18.6,42,0.53,1
2024/3/8 17:00,1062,17.7,43,0.16,0
2024/3/9 06:00,98,14.1,48,0.03,0
2024/3/9 07:00,996,14.7,47,0.12,0
2024/3/9 08:00,2131,15.6,50,0.32,1
2024/3/9 09:00,3467,17,46,0.57,1
2024/3/9 10:00,4511,15.7,50,0.59,2
2024/3/9 11:00,2342,15.7,52,0.28,1
2024/3/9 12:00,2141,15.8,53,0.27,1
2024/3/9 13:00,2570,15.9,55,0.34,1
2024/3/9 14:00,3095,16.3,55,0.39,1
2024/3/9 15:00,2826,16.4,55,0.35,1
2024/3/9 16:00,2051,16.2,57,0.28,0
2024/3/9 17:00,1112,15.9,60,0.15,0
2024/3/10 06:00,47,14.3,71,0.02,0
2024/3/10 07:00,834,14.3,76,0.12,0
2024/3/10 08:00,2636,14.7,78,0.35,1
2024/3/10 09:00,5100,15.9,80,0.69,2
2024/3/10 10:00,11804,17.2,74,1.24,3
2024/3/10 11:00,10589,17.9,70,1.34,4
2024/3/10 12:00,10817,19.4,63,1.46,4
2024/3/10 13:00,15037,20,61,1.99,5
2024/3/10 14:00,9662,20.8,59,1.27,3
2024/3/10 15:00,8386,21,58,1.18,2
2024/3/10 16:00,5329,21,59,0.69,1
2024/3/10 17:00,567,19.5,72,0.08,0
2024/3/11 06:00,280,17.1,96,0.05,0
2024/3/11 07:00,1389,16.9,93,0.21,0
2024/3/11 08:00,4383,17.3,90,0.61,1
2024/3/11 09:00,4669,18.2,87,0.69,2
2024/3/11 10:00,2936,17.3,88,0.34,1
2024/3/11 11:00,1823,17.5,86,0.28,1
2024/3/11 12:00,2407,16.8,93,0.28,1
2024/3/11 13:00,1367,16.5,93,0.19,1
2024/3/11 14:00,1756,16.7,95,0.23,1
2024/3/11 15:00,1362,17,96,0.17,0
2024/3/11 16:00,615,17.2,95,0.09,0
2024/3/11 17:00,172,16.7,93,0.03,0
2024/3/12 06:00,755,16,79,0.11,0
2024/3/12 07:00,6518,17.4,71,0.76,1
2024/3/12 08:00,13401,19.1,57,1.72,2
2024/3/12 09:00,19122,21.2,52,2.53,5
2024/3/12 10:00,22873,23.6,41,3.12,8
2024/3/12 11:00,24616,24.4,38,3.47,9
2024/3/12 12:00,24961,25.1,31,3.53,9
2024/3/12 13:00,23682,27.3,19,3.31,8
2024/3/12 14:00,20186,26.3,22,2.8,5
2024/3/12 15:00,14825,24.8,33,2.04,3
2024/3/12 16:00,8063,24,34,1.16,1
2024/3/12 17:00,1846,22.6,25,0.29,0
2024/3/13 06:00,574,15.9,76,0.08,0
2024/3/13 07:00,5439,17.9,68,0.73,1
2024/3/13 08:00,11749,20,60,1.51,2
2024/3/13 09:00,17169,21.9,57,2.22,4
2024/3/13 10:00,20875,23.6,50,2.83,6
2024/3/13 11:00,22275,24.9,45,3.05,8
2024/3/13 12:00,22724,25.9,45,3.2,8
2024/3/13 13:00,21263,25.3,43,2.92,6
2024/3/13 14:00,16586,25.6,42,2.07,4
2024/3/13 15:00,11050,24.4,42,1.2,2
2024/3/13 16:00,5898,22.3,52,0.79,1
2024/3/13 17:00,1190,21.2,57,0.13,0
2024/3/14 06:00,6,17.6,78,0.01,0
2024/3/14 07:00,509,18,81,0.08,0
2024/3/14 08:00,1140,18.4,81,0.15,0
2024/3/14 09:00,2922,19.2,79,0.38,1
2024/3/14 10:00,4591,19.5,76,0.56,2
2024/3/14 11:00,5636,20.2,68,0.81,3
2024/3/14 12:00,8588,21.3,65,1.13,4
2024/3/14 13:00,12288,22.5,58,1.91,5
2024/3/14 14:00,15415,23.6,48,2.29,5
2024/3/14 15:00,12588,24.2,47,1.72,2
2024/3/14 16:00,6959,22.9,61,0.98,1
2024/3/14 17:00,1004,21.3,73,0.13,0
2024/3/15 06:00,552,17.3,85,0.11,0
2024/3/15 07:00,2634,18.3,79,0.35,0
2024/3/15 08:00,7520,20.2,70,0.9,2
2024/3/15 09:00,11272,22.4,60,1.3,3
2024/3/15 10:00,12678,24.2,52,1.77,5
2024/3/15 11:00,17037,26,51,2.22,6
2024/3/15 12:00,20425,23.8,65,2.52,7
2024/3/15 13:00,21649,21.8,74,2.45,6
2024/3/15 14:00,7147,21,76,0.66,2
2024/3/15 15:00,3539,21.4,73,0.46,1
2024/3/15 16:00,2296,20.7,76,0.24,0
2024/3/15 17:00,770,19.3,81,0.07,0
2024/3/16 06:00,525,18.3,87,0.1,0
2024/3/16 07:00,4225,19.5,81,0.56,1
2024/3/16 08:00,11171,22.2,69,1.44,2
2024/3/16 09:00,10211,23.5,63,1.08,2
2024/3/16 10:00,11367,24.9,55,1.47,4
2024/3/16 11:00,21403,28,48,3.01,7
2024/3/16 12:00,16867,27.7,48,2.04,5
2024/3/16 13:00,12736,26.3,55,1.5,4
2024/3/16 14:00,7328,26.4,54,1,2
2024/3/16 15:00,10629,26.6,54,1.7,2
2024/3/16 16:00,6424,25.6,58,0.87,1
2024/3/16 17:00,1201,24.9,61,0.12,0
2024/3/17 06:00,681,19.8,83,0.11,0
2024/3/17 07:00,4600,21.6,74,0.66,1
2024/3/17 08:00,10653,23.8,66,1.43,2
2024/3/17 09:00,16177,26.2,57,2.17,4
2024/3/17 10:00,19541,28,52,2.73,7
2024/3/17 11:00,21490,29.4,47,3.08,8
2024/3/17 12:00,21809,28.3,54,3,8
2024/3/17 13:00,19505,28.4,58,2.69,6
2024/3/17 14:00,15335,28.1,58,2.38,5
2024/3/17 15:00,11866,26.9,62,1.67,2
2024/3/17 16:00,6150,25.8,67,0.9,1
2024/3/17 17:00,1514,24.4,73,0.22,0
2024/3/18 06:00,154,19.5,83,0.04,0
2024/3/18 07:00,1870,19.6,80,0.2,0
2024/3/18 08:00,3339,19.8,78,0.44,1
2024/3/18 09:00,4554,20.3,76,0.56,2
2024/3/18 10:00,10552,22.8,67,1.51,4
2024/3/18 11:00,21294,25.1,65,3.09,9
2024/3/18 12:00,21595,24.5,59,3.09,8
2024/3/18 13:00,20419,25.4,56,2.74,7
2024/3/18 14:00,16394,25.4,56,2.29,5
2024/3/18 15:00,11765,23.8,61,1.65,2
2024/3/18 16:00,5824,22.5,65,0.83,1
2024/3/18 17:00,1389,21.2,69,0.19,0
2024/3/19 06:00,50,17.3,82,0.02,0
2024/3/19 07:00,566,17.2,84,0.09,0
2024/3/19 08:00,1481,15.9,89,0.18,0
2024/3/19 09:00,1879,16.3,86,0.24,1
2024/3/19 10:00,6321,17.5,79,0.78,3
2024/3/19 11:00,6665,17.9,74,0.85,3
2024/3/19 12:00,8653,19,68,1.55,5
2024/3/19 13:00,21573,21.4,58,3.12,9
2024/3/19 14:00,18637,21.8,53,2.57,6
2024/3/19 15:00,13450,20.1,50,1.85,3
2024/3/19 16:00,7210,19,50,1.03,1
2024/3/19 17:00,1713,18.1,53,0.27,0
2024/3/20 06:00,230,17.6,40,0.05,0
2024/3/20 07:00,1608,17.9,40,0.2,0
2024/3/20 08:00,1964,18,40,0.23,1
2024/3/20 09:00,8163,19.5,39,0.93,2
2024/3/20 10:00,7108,19.9,40,0.83,3
2024/3/20 11:00,9067,21.4,42,1.24,4
2024/3/20 12:00,15406,22.8,43,1.98,6
2024/3/20 13:00,19805,24.6,40,2.33,6
2024/3/20 14:00,17197,24.1,38,2.56,5
2024/3/20 15:00,12789,23.7,39,1.69,2
2024/3/20 16:00,6584,22.3,41,0.94,1
2024/3/20 17:00,1684,20.5,45,0.22,0
2024/3/21 06:00,1002,17.6,64,0.15,0
2024/3/21 07:00,5579,19.6,58,0.74,1
2024/3/21 08:00,11273,20.6,60,1.41,2
2024/3/21 09:00,17457,22.8,54,2.14,4
2024/3/21 10:00,21382,24.4,47,2.85,7
2024/3/21 11:00,23311,25.7,43,3.04,8
2024/3/21 12:00,17282,25.2,45,2.61,7
2024/3/21 13:00,18051,25.4,46,2.65,6
2024/3/21 14:00,15147,24.6,49,2.22,4
2024/3/21 15:00,9608,23.3,54,1.31,2
2024/3/21 16:00,3545,22.1,57,0.57,1
2024/3/21 17:00,1255,21.2,59,0.16,0
2024/3/22 06:00,93,18.2,72,0.03,0
2024/3/22 07:00,801,18.7,73,0.12,0
2024/3/22 08:00,2596,20.4,69,0.4,1
2024/3/22 09:00,11378,22.7,52,1.56,3
2024/3/22 10:00,18457,24,47,2.53,6
2024/3/22 11:00,22379,25.6,44,2.82,7
2024/3/22 12:00,21416,26.4,40,2.96,7
2024/3/22 13:00,19264,27.8,37,2.66,6
2024/3/22 14:00,16916,27.1,42,2.39,4
2024/3/22 15:00,11596,26.8,44,1.61,2
2024/3/22 16:00,6064,26.5,44,0.87,1
2024/3/22 17:00,1516,26,45,0.22,0
2024/3/23 06:00,1109,20.8,75,0.18,0
2024/3/23 07:00,5307,22.6,64,0.72,1
2024/3/23 08:00,11527,25.2,53,1.52,2
2024/3/23 09:00,17337,28.4,47,2.37,5
2024/3/23 10:00,19544,30.1,46,2.8,7
2024/3/23 11:00,21499,31.6,44,3.1,8
2024/3/23 12:00,19726,31.9,43,2.87,7
2024/3/23 13:00,18071,31.8,49,2.51,6
2024/3/23 14:00,12964,31.4,54,1.59,3
2024/3/23 15:00,11337,31.5,50,1.61,2
2024/3/23 16:00,5443,29.5,61,0.73,1
2024/3/23 17:00,1995,28.1,68,0.27,0
2024/3/24 06:00,1071,23.7,87,0.18,0
2024/3/24 07:00,6454,25,80,0.9,1
2024/3/24 08:00,12928,27.4,69,1.76,3
2024/3/24 09:00,17770,28.7,62,2.51,5
2024/3/24 10:00,21305,30,55,2.85,7
2024/3/24 11:00,22897,31.8,49,3.17,9
2024/3/24 12:00,22101,32,48,3.37,9
2024/3/24 13:00,21023,32.7,49,3.05,7
2024/3/24 14:00,18066,32,53,2.65,5
2024/3/24 15:00,13250,30.8,55,1.92,3
2024/3/24 16:00,7257,29.3,58,1.1,1
2024/3/24 17:00,1842,28.3,61,0.31,0
2024/3/25 06:00,699,25.1,84,0.11,0
2024/3/25 07:00,4756,26.1,78,0.56,1
2024/3/25 08:00,12689,26.3,76,0.91,2
2024/3/25 09:00,17116,28.7,65,2.3,5
2024/3/25 10:00,20914,30.3,59,2.99,7
2024/3/25 11:00,21860,31.2,55,2.98,8
2024/3/25 12:00,19963,31.2,58,2.89,8
2024/3/25 13:00,14824,30.8,60,2.38,6
2024/3/25 14:00,17509,30.4,59,2.55,5
2024/3/25 15:00,11058,28.8,63,1.81,3
2024/3/25 16:00,2752,27.7,71,0.71,1
2024/3/25 17:00,1479,26.9,75,0.19,0
2024/3/26 06:00,1195,24.5,79,0.2,0
2024/3/26 07:00,6326,26.1,65,0.86,1
2024/3/26 08:00,12149,27.7,69,1.67,2
2024/3/26 09:00,13415,27.7,71,1.73,4
2024/3/26 10:00,20661,28.5,64,2.81,7
2024/3/26 11:00,22431,29.8,56,3.09,9
2024/3/26 12:00,21929,30.5,55,3.17,9
2024/3/26 13:00,19873,30.9,52,2.92,8
2024/3/26 14:00,16452,30.4,55,2.41,5
2024/3/26 15:00,11766,29.1,55,1.73,3
2024/3/26 16:00,6454,26.8,59,0.98,1
2024/3/26 17:00,1733,25,62,0.27,0
2024/3/27 06:00,121,19,74,0.05,0
2024/3/27 07:00,1964,19.4,73,0.26,0
2024/3/27 08:00,6310,20.8,69,0.74,2
2024/3/27 09:00,8945,21.6,67,1.04,3
2024/3/27 10:00,10667,23.8,63,1.41,4
2024/3/27 11:00,17202,24.8,61,2.12,7
2024/3/27 12:00,20473,26.6,56,3.03,9
2024/3/27 13:00,18061,27,54,3.1,8
2024/3/27 14:00,16723,27.3,54,1.87,4
2024/3/27 15:00,10100,25.8,60,1.81,3
2024/3/27 16:00,6626,25,63,0.71,1
2024/3/27 17:00,1884,24.2,67,0.18,0
2024/3/28 06:00,888,22.5,80,0.16,0
2024/3/28 07:00,6616,24,73,0.85,1
2024/3/28 08:00,12385,25.3,65,1.62,3
2024/3/28 09:00,13730,26.6,62,1.68,5
2024/3/28 10:00,9519,26.2,66,1.23,4
2024/3/28 11:00,8869,25.8,70,1.22,5
2024/3/28 12:00,13065,27.7,62,2.03,7
2024/3/28 13:00,11335,28.3,60,1.5,6
2024/3/28 14:00,16748,30.4,51,2.44,6
2024/3/28 15:00,11755,29.8,52,1.72,3
2024/3/28 16:00,4824,29.8,54,0.77,1
2024/3/28 17:00,1885,27.5,64,0.27,0
2024/3/29 06:00,727,24,84,0.13,0
2024/3/29 07:00,3942,24.5,81,0.58,1
2024/3/29 08:00,9706,25.3,76,1.36,2
2024/3/29 09:00,15736,27.7,63,2.19,5
2024/3/29 10:00,15450,28.6,60,2.24,6
2024/3/29 11:00,15725,29.4,55,2.16,6
2024/3/29 12:00,15744,29.8,53,1.67,5
2024/3/29 13:00,14666,30.2,52,1.96,5
2024/3/29 14:00,13517,29.8,51,1.79,4
2024/3/29 15:00,9859,29.6,50,1.39,2
2024/3/29 16:00,5370,28.2,56,0.87,1
2024/3/29 17:00,1834,27,57,0.24,0
2024/3/30 06:00,0,23.7,88,0.01,0
2024/3/30 07:00,202,23.1,95,0.06,0
2024/3/30 08:00,1904,22.6,94,0.36,1
2024/3/30 09:00,10154,25.1,82,1.56,3
2024/3/30 10:00,10701,26.6,75,1.4,4
2024/3/30 11:00,18041,28.3,66,2.47,6
2024/3/30 12:00,18139,28.9,62,2.43,6
2024/3/30 13:00,11046,29.6,61,2.06,5
2024/3/30 14:00,11020,28.6,64,1.92,4
2024/3/30 15:00,8642,27.9,68,1.07,2
2024/3/30 16:00,3104,27,74,0.46,1
2024/3/30 17:00,1167,26.3,79,0.17,0
2024/3/31 06:00,616,24.4,81,0.11,0
2024/3/31 07:00,2460,25.5,74,0.38,1
2024/3/31 08:00,10671,27.2,64,1.24,2
2024/3/31 09:00,8293,28,62,1.21,3
2024/3/31 10:00,9208,27.7,67,1.52,4
2024/3/31 11:00,5883,28,69,1.01,3
2024/3/31 12:00,2413,27.7,70,0.72,3
2024/3/31 13:00,4178,28.4,64,0.53,2
2024/3/31 14:00,5791,28.6,63,0.64,2
2024/3/31 15:00,1441,24.7,87,0.12,0
2024/3/31 16:00,1339,24.3,93,0.17,0
2024/3/31 17:00,235,24.2,93,0.04,0
2024/4/1 06:00,250,22.7,97,0.06,0
2024/4/1 07:00,1540,23.7,95,0.25,0
2024/4/1 08:00,6924,24.8,88,0.94,2
2024/4/1 09:00,14243,26.5,76,1.69,3
2024/4/1 10:00,12507,26.3,73,1.22,3
2024/4/1 11:00,11882,28.1,64,1.59,4
2024/4/1 12:00,19269,28.7,62,2.46,7
2024/4/1 13:00,13621,28.9,64,1.81,5
2024/4/1 14:00,9106,28.9,65,1.12,3
2024/4/1 15:00,5029,28.4,67,0.56,1
2024/4/1 16:00,901,26.9,73,0.12,0
2024/4/1 17:00,0,24.7,87,0,0
2024/4/2 06:00,1290,23.6,91,0.19,0
2024/4/2 07:00,7798,25.1,85,0.96,1
2024/4/2 08:00,14017,27.3,70,1.83,3
2024/4/2 09:00,19362,28.4,66,2.56,6
2024/4/2 10:00,21293,29.6,62,2.83,8
2024/4/2 11:00,21325,30.1,60,3.04,9
2024/4/2 12:00,21615,31.4,57,3.47,10
2024/4/2 13:00,21161,32.1,58,3.11,8
2024/4/2 14:00,15616,31,64,2.33,5
2024/4/2 15:00,11432,29.8,67,1.26,2
2024/4/2 16:00,3589,29.4,67,0.37,1
2024/4/2 17:00,1414,28.9,62,0.2,0
2024/4/3 06:00,910,26.7,68,0.17,0
2024/4/3 07:00,6889,28.3,61,0.9,1
2024/4/3 08:00,13836,29.1,59,1.82,3
2024/4/3 09:00,18455,30.6,56,2.52,5
2024/4/3 10:00,21326,31.6,52,2.91,7
2024/4/3 11:00,19238,32.1,53,3.21,8
2024/4/3 12:00,19403,31.9,55,3.05,7
2024/4/3 13:00,16150,31.6,57,2.35,5
2024/4/3 14:00,17117,30.7,58,2.26,4
2024/4/3 15:00,10300,29.7,61,1.29,2
2024/4/3 16:00,5203,29.1,62,0.76,1
2024/4/3 17:00,1571,28.8,61,0.23,0
2024/4/4 06:00,1443,24.9,76,0.27,0
2024/4/4 07:00,7987,27,63,1.09,1
2024/4/4 08:00,14402,29.3,52,1.92,3
2024/4/4 09:00,19082,31,49,2.65,6
2024/4/4 10:00,22213,31.6,48,3.18,8
2024/4/4 11:00,23271,33.3,41,3.4,9
2024/4/4 12:00,22577,32.6,45,3.29,8
2024/4/4 13:00,20511,31.5,53,2.99,7
2024/4/4 14:00,15739,28.7,66,2.08,4
2024/4/4 15:00,11509,28.4,64,1.4,2
2024/4/4 16:00,4930,27.8,67,0.84,1
2024/4/4 17:00,1907,27.2,70,0.26,0
2024/4/5 06:00,1735,24.5,74,0.24,0
2024/4/5 07:00,4451,24.5,75,0.62,1
2024/4/5 08:00,9046,25.1,72,1.28,2
2024/4/5 09:00,14345,26.3,64,1.83,3
2024/4/5 10:00,14888,28.2,59,1.94,4
2024/4/5 11:00,16883,29.2,56,2.29,6
2024/4/5 12:00,16968,28.9,54,2.43,6
2024/4/5 13:00,14259,26.5,66,1.76,4
2024/4/5 14:00,11334,26,67,1.44,3
2024/4/5 15:00,8289,26.3,64,1.12,2
2024/4/5 16:00,2269,24.5,71,0.28,0
2024/4/5 17:00,937,24,72,0.15,0
2024/4/6 06:00,1111,22.7,78,0.21,0
2024/4/6 07:00,6330,23.8,74,0.87,1
2024/4/6 08:00,12956,25.7,67,1.73,3
2024/4/6 09:00,17418,27.9,59,2.39,5
2024/4/6 10:00,20015,29.2,54,2.97,7
2024/4/6 11:00,16790,29.7,54,2.6,7
2024/4/6 12:00,10468,28.1,58,1.68,4
2024/4/6 13:00,2611,26.4,68,0.29,1
2024/4/6 14:00,3045,26,73,0.37,1
2024/4/6 15:00,2403,25.6,75,0.29,1
2024/4/6 16:00,1521,24.7,79,0.17,0
2024/4/6 17:00,768,24.5,81,0.11,0
2024/4/7 06:00,48,22.4,96,0.02,0
2024/4/7 07:00,890,22.9,97,0.13,0
2024/4/7 08:00,2958,23.6,96,0.42,1
2024/4/7 09:00,2774,23.6,93,0.38,1
2024/4/7 10:00,2774,24.2,90,0.4,2
2024/4/7 11:00,3784,25.4,82,0.55,2
2024/4/7 12:00,6138,25,81,0.68,3
2024/4/7 13:00,7697,25.4,79,0.9,3
2024/4/7 14:00,5767,25.3,81,0.77,2
2024/4/7 15:00,11943,26.7,74,1.86,3
2024/4/7 16:00,7147,27.1,71,1.07,1
2024/4/7 17:00,1249,25,78,0.16,0
2024/4/8 06:00,74,23.2,96,0.02,0
2024/4/8 07:00,958,23.3,96,0.13,0
2024/4/8 08:00,2612,23.6,95,0.29,1
2024/4/8 09:00,4554,25.1,88,0.59,2
2024/4/8 10:00,7343,25.8,84,0.79,3
2024/4/8 11:00,6744,26.7,77,0.83,3
2024/4/8 12:00,15452,28.1,71,1.95,6
2024/4/8 13:00,8887,28.6,70,1.18,4
2024/4/8 14:00,11810,29.8,61,1.76,4
2024/4/8 15:00,7563,27.8,75,1,2
2024/4/8 16:00,5281,25.1,81,0.65,1
2024/4/8 17:00,1536,24.4,84,0.16,0
2024/4/9 06:00,194,20.5,79,0.05,0
2024/4/9 07:00,1542,20.3,82,0.15,0
2024/4/9 08:00,4609,20.8,83,0.42,1
2024/4/9 09:00,8932,22.4,73,1.29,3
2024/4/9 10:00,7694,23,70,1.05,3
2024/4/9 11:00,10550,23.7,67,1.78,6
2024/4/9 12:00,17195,25,63,2.27,7
2024/4/9 13:00,9653,23.1,68,1.31,4
2024/4/9 14:00,9251,23.6,66,1.14,3
2024/4/9 15:00,7933,22.6,69,0.97,2
2024/4/9 16:00,3976,23,69,0.62,1
2024/4/9 17:00,2036,21.9,72,0.27,0
2024/4/10 06:00,562,22,76,0.11,0
2024/4/10 07:00,1978,22.6,74,0.28,0
2024/4/10 08:00,4254,23.3,71,0.59,1
2024/4/10 09:00,6864,25,69,0.93,2
2024/4/10 10:00,10625,25.4,69,1.35,4
2024/4/10 11:00,10437,26.1,66,1.39,4
2024/4/10 12:00,13267,26.8,64,1.52,4
2024/4/10 13:00,8476,26.3,67,0.86,3
2024/4/10 14:00,6331,26.3,68,0.73,2
2024/4/10 15:00,6659,26.6,67,0.65,1
2024/4/10 16:00,4238,26.2,68,0.49,1
2024/4/10 17:00,1633,25.9,69,0.19,0
2024/4/11 06:00,544,23.2,85,0.09,0
2024/4/11 07:00,1774,23.3,85,0.22,0
2024/4/11 08:00,6114,24.5,80,0.7,1
2024/4/11 09:00,13522,25.6,74,1.51,3
2024/4/11 10:00,10328,26,71,1,3
2024/4/11 11:00,11480,27.7,68,1.88,6
2024/4/11 12:00,17021,28.5,65,1.7,5
2024/4/11 13:00,17422,28.3,66,2.35,6
2024/4/11 14:00,10230,28,67,1.99,4
2024/4/11 15:00,10084,27.6,69,1.67,2
2024/4/11 16:00,6286,26.6,74,0.91,1
2024/4/11 17:00,1850,26.4,76,0.22,0
2024/4/12 06:00,1353,24.3,88,0.22,0
2024/4/12 07:00,3858,25,84,0.48,1
2024/4/12 08:00,5654,26.2,78,0.77,1
2024/4/12 09:00,11300,27.6,72,1.33,3
2024/4/12 10:00,14294,29.3,58,2.21,5
2024/4/12 11:00,19613,29.5,60,2.44,6
2024/4/12 12:00,13745,30.9,56,2.15,5
2024/4/12 13:00,15118,31.1,54,2.03,5
2024/4/12 14:00,13986,30.5,57,2.17,4
2024/4/12 15:00,10018,29.1,60,1.39,2
2024/4/12 16:00,5257,27.7,67,0.76,1
2024/4/12 17:00,935,27.1,70,0.11,0
2024/4/13 06:00,1833,24.6,80,0.28,0
2024/4/13 07:00,6507,26,74,0.9,1
2024/4/13 08:00,12097,27.7,66,1.64,3
2024/4/13 09:00,16750,29.7,58,2.33,5
2024/4/13 10:00,17920,30.8,59,2.73,6
2024/4/13 11:00,20000,31.2,57,3.06,8
2024/4/13 12:00,18245,31.2,54,3.07,8
2024/4/13 13:00,18742,31,56,2.74,6
2024/4/13 14:00,15073,30.4,57,2.28,4
2024/4/13 15:00,11298,29.9,58,1.63,2
2024/4/13 16:00,5342,28.1,64,0.79,1
2024/4/13 17:00,1600,27.5,64,0.22,0
2024/4/14 06:00,1816,24.8,78,0.28,0
2024/4/14 07:00,6207,25.9,75,0.74,1
2024/4/14 08:00,11863,27.8,69,1.63,2
2024/4/14 09:00,17406,28.9,67,2.23,4
2024/4/14 10:00,18986,29.9,62,2.26,6
2024/4/14 11:00,18583,30.6,59,3.04,7
2024/4/14 12:00,18053,31.8,60,2.51,6
2024/4/14 13:00,19064,31.4,63,2.7,6
2024/4/14 14:00,16131,30,67,2.21,4
2024/4/14 15:00,9382,29,71,1.19,2
2024/4/14 16:00,3305,28.5,73,0.43,1
2024/4/14 17:00,1748,27.8,75,0.22,0
2024/4/15 06:00,1779,25.8,87,0.23,0
2024/4/15 07:00,6243,26.7,82,0.69,1
2024/4/15 08:00,11099,28.4,73,1.58,2
2024/4/15 09:00,15431,29.9,65,2.17,4
2024/4/15 10:00,18465,30,65,2.36,5
2024/4/15 11:00,19501,31.2,61,2.78,7
2024/4/15 12:00,19035,31.2,62,2.86,7
2024/4/15 13:00,18248,31.7,60,2.66,6
2024/4/15 14:00,14471,31.2,62,2.08,4
2024/4/15 15:00,9966,31.1,61,1.46,2
2024/4/15 16:00,5291,29.5,66,0.76,1
2024/4/15 17:00,1598,28.2,69,0.19,0
2024/4/16 06:00,1051,25.4,86,0.15,0
2024/4/16 07:00,4466,26,82,0.4,0
2024/4/16 08:00,5553,26.5,78,0.54,1
2024/4/16 09:00,10743,27.7,71,1.2,3
2024/4/16 10:00,13374,28.9,67,1.62,4
2024/4/16 11:00,16069,29.8,62,2.57,7
2024/4/16 12:00,20223,30.9,62,2.65,7
2024/4/16 13:00,15229,30.2,63,2.37,6
2024/4/16 14:00,15489,29.9,66,2.16,4
2024/4/16 15:00,8866,28.6,70,1.06,2
2024/4/16 16:00,5364,27.8,70,0.63,1
2024/4/16 17:00,2414,27.4,72,0.32,0
2024/4/17 06:00,2281,24.4,79,0.32,0
2024/4/17 07:00,7742,26.3,73,1.02,1
2024/4/17 08:00,14010,28.2,66,1.9,3
2024/4/17 09:00,18747,30.2,60,2.62,5
2024/4/17 10:00,20907,31,57,2.99,7
2024/4/17 11:00,21051,31,58,2.62,7
2024/4/17 12:00,18737,31.5,55,2.96,8
2024/4/17 13:00,17843,31,59,3,7
2024/4/17 14:00,16225,30.8,61,2.38,5
2024/4/17 15:00,11596,30.5,60,1.7,2
2024/4/17 16:00,5802,28.6,66,0.89,1
2024/4/17 17:00,566,27.4,72,0.11,0
2024/4/18 06:00,2266,26.8,67,0.38,0
2024/4/18 07:00,7030,27.4,68,1.03,1
2024/4/18 08:00,11718,28.9,61,1.65,3
2024/4/18 09:00,15904,30.2,57,2.14,5
2024/4/18 10:00,16836,29.5,63,2.06,5
2024/4/18 11:00,22594,30.7,56,3.28,8
2024/4/18 12:00,21815,31.8,50,3.28,8
2024/4/18 13:00,20148,31.5,48,3,7
2024/4/18 14:00,17073,31.5,51,2.5,5
2024/4/18 15:00,11809,30.1,55,1.69,2
2024/4/18 16:00,6003,30.2,54,0.9,1
2024/4/18 17:00,1498,29.1,58,0.19,0
2024/4/19 06:00,1864,24.9,78,0.28,0
2024/4/19 07:00,5779,26.2,77,0.82,1
2024/4/19 08:00,12081,27.7,72,1.62,3
2024/4/19 09:00,15651,29.7,62,2.38,5
2024/4/19 10:00,19812,30.6,54,2.8,7
2024/4/19 11:00,19831,32.2,51,2.7,7
2024/4/19 12:00,19094,31.9,53,2.78,7
2024/4/19 13:00,8599,29.6,61,1.45,4
2024/4/19 14:00,4149,28,65,0.41,1
2024/4/19 15:00,4328,27.9,65,0.48,1
2024/4/19 16:00,3876,27.8,66,0.3,0
2024/4/19 17:00,552,27.1,69,0.08,0
2024/4/20 06:00,1894,25.5,77,0.27,0
2024/4/20 07:00,8209,26.6,71,1.12,1
2024/4/20 08:00,12740,28.6,63,1.83,3
2024/4/20 09:00,16675,29.9,58,2.31,5
2024/4/20 10:00,21255,32.1,49,3.18,8
2024/4/20 11:00,20915,32.1,47,3.09,8
2024/4/20 12:00,19465,31.4,58,2.28,6
2024/4/20 13:00,18027,32.1,57,2.63,6
2024/4/20 14:00,16525,31.4,58,2.4,5
2024/4/20 15:00,12387,30.5,58,1.93,3
2024/4/20 16:00,7072,30.6,55,1.11,1
2024/4/20 17:00,2186,29.3,60,0.26,0
2024/4/21 06:00,2296,25.2,64,0.3,0
2024/4/21 07:00,7010,27,54,0.96,1
2024/4/21 08:00,12792,29.5,47,1.49,3
2024/4/21 09:00,18007,32,45,2.5,6
2024/4/21 10:00,21509,32.6,42,3.19,8
2024/4/21 11:00,23399,33.9,41,3.53,10
2024/4/21 12:00,22322,33.7,49,3.44,9
2024/4/21 13:00,21317,33.1,58,3.17,8
2024/4/21 14:00,16849,32,56,2.71,6
2024/4/21 15:00,12702,31.4,54,1.91,3
2024/4/21 16:00,5638,29.6,57,0.77,1
2024/4/21 17:00,2382,28.6,63,0.29,0
2024/4/22 06:00,1779,27,65,0.32,0
2024/4/22 07:00,5655,28.1,58,0.78,1
2024/4/22 08:00,6741,29.5,50,0.9,2
2024/4/22 09:00,10671,30.3,48,1.38,3
2024/4/22 10:00,5409,30,52,0.62,2
2024/4/22 11:00,13434,32.6,46,1.77,5
2024/4/22 12:00,13191,31.2,52,1.82,5
2024/4/22 13:00,8041,30.4,61,0.96,2
2024/4/22 14:00,10877,30.1,61,1.15,3
2024/4/22 15:00,5525,28.8,68,0.52,1
2024/4/22 16:00,1240,27.7,74,0.13,0
2024/4/22 17:00,759,27.8,71,0.09,0
2024/4/23 06:00,509,24.5,76,0.13,0
2024/4/23 07:00,2815,25.1,74,0.44,1
2024/4/23 08:00,6431,26.4,66,0.74,2
2024/4/23 09:00,5515,27.3,62,0.89,2
2024/4/23 10:00,3825,27.7,61,0.51,2
2024/4/23 11:00,4815,28.2,62,0.67,2
2024/4/23 12:00,5839,28.4,59,0.78,2
2024/4/23 13:00,5235,28.5,59,0.62,2
2024/4/23 14:00,3987,28.3,66,0.48,1
2024/4/23 15:00,1524,28,71,0.18,0
2024/4/23 16:00,915,27.1,75,0.13,0
2024/4/23 17:00,1276,27,71,0.17,0
2024/4/24 06:00,0,21.9,95,0,0
2024/4/24 07:00,240,22,96,0.04,0
2024/4/24 08:00,638,21.9,96,0.13,0
2024/4/24 09:00,3898,23,94,0.4,1
2024/4/24 10:00,3701,23.2,95,0.38,1
2024/4/24 11:00,2650,23.3,95,0.21,1
2024/4/24 12:00,866,23.2,97,0.08,0
2024/4/24 13:00,2632,23.6,97,0.45,2
2024/4/24 14:00,2668,23.7,96,0.39,1
2024/4/24 15:00,1306,23.6,97,0.19,0
2024/4/24 16:00,1450,23.7,97,0.18,0
2024/4/24 17:00,761,23.8,97,0.09,0
2024/4/25 06:00,55,22.5,94,0.03,0
2024/4/25 07:00,1210,22.9,94,0.21,0
2024/4/25 08:00,3833,23.8,92,0.51,1
2024/4/25 09:00,8102,25.4,85,1.03,3
2024/4/25 10:00,5854,26.1,84,0.69,2
2024/4/25 11:00,15430,27.8,73,1.96,6
2024/4/25 12:00,11397,26.5,75,1.79,6
2024/4/25 13:00,8477,25.9,77,1.01,3
2024/4/25 14:00,5077,25.6,78,0.66,2
2024/4/25 15:00,2034,25.3,81,0.23,1
2024/4/25 16:00,682,24.2,93,0.09,0
2024/4/25 17:00,78,23.7,95,0.02,0
2024/4/26 06:00,942,22.6,92,0.12,0
2024/4/26 07:00,3138,23.6,88,0.39,1
2024/4/26 08:00,2585,24,87,0.37,1
2024/4/26 09:00,5236,25,79,0.55,1
2024/4/26 10:00,3709,25.7,82,0.41,1
2024/4/26 11:00,5127,25.2,86,0.59,2
2024/4/26 12:00,1647,23.7,90,0.25,1
2024/4/26 13:00,1834,23.6,90,0.27,1
2024/4/26 14:00,1941,24.5,78,0.27,1
2024/4/26 15:00,1544,25.1,70,0.18,0
2024/4/26 16:00,1890,26.3,64,0.3,0
2024/4/26 17:00,1416,25.4,71,0.21,0
2024/4/27 06:00,1219,23.5,83,0.2,0
2024/4/27 07:00,3720,25.1,76,0.48,1
2024/4/27 08:00,5894,25.7,73,0.75,2
2024/4/27 09:00,5682,26.7,68,0.75,2
2024/4/27 10:00,8504,27.1,63,1.17,3
2024/4/27 11:00,13729,28.1,64,1.88,6
2024/4/27 12:00,17236,29.5,51,2.54,7
2024/4/27 13:00,19957,30.6,51,2.93,8
2024/4/27 14:00,16191,31.1,46,2.56,5
2024/4/27 15:00,13657,31.7,41,1.98,3
2024/4/27 16:00,4827,29.6,49,0.81,1
2024/4/27 17:00,1598,28.6,54,0.21,0
2024/4/28 06:00,225,22.9,91,0.04,0
2024/4/28 07:00,1522,23.6,89,0.19,0
2024/4/28 08:00,1117,23.1,93,0.1,0
2024/4/28 09:00,834,21.8,94,0.13,0
2024/4/28 10:00,1366,21.6,96,0.2,1
2024/4/28 11:00,3687,22.4,93,0.56,2
2024/4/28 12:00,5629,23.5,83,0.72,2
2024/4/28 13:00,13090,27.1,65,1.93,6
2024/4/28 14:00,15779,28.6,53,1.92,5
2024/4/28 15:00,7172,28.7,58,0.95,2
2024/4/28 16:00,6458,30,51,1.05,1
2024/4/28 17:00,2592,27.5,65,0.24,0
2024/4/29 06:00,3057,25.6,71,0.43,0
2024/4/29 07:00,6528,27.1,62,0.83,1
2024/4/29 08:00,13984,29.2,57,2.02,3
2024/4/29 09:00,19016,31,51,2.66,6
2024/4/29 10:00,19082,31.7,46,2.72,7
2024/4/29 11:00,15890,32,49,2.47,7
2024/4/29 12:00,22193,32.4,54,3.25,8
2024/4/29 13:00,20054,31.8,59,2.85,7
2024/4/29 14:00,16529,31.8,58,2.43,5
2024/4/29 15:00,11187,30.8,60,1.59,2
2024/4/29 16:00,5024,29.8,62,0.65,1
2024/4/29 17:00,1802,29.3,63,0.24,0
2024/4/30 06:00,2928,26.1,74,0.44,0
2024/4/30 07:00,8368,27.7,66,1.14,1
2024/4/30 08:00,13932,29.1,60,1.88,3
2024/4/30 09:00,18759,31,54,2.63,6
2024/4/30 10:00,21857,31.8,52,3.13,8
2024/4/30 11:00,23372,32.9,52,3.41,9
2024/4/30 12:00,18151,33.6,50,3.09,8
2024/4/30 13:00,12002,31.5,65,1.6,5
2024/4/30 14:00,9712,31,62,0.76,2
2024/4/30 15:00,4246,22.9,86,0.43,1
2024/4/30 16:00,396,22.1,92,0.08,0
2024/4/30 17:00,545,23,91,0.07,0
2024/5/1 06:00,998,22.6,83,0.16,0
2024/5/1 07:00,4980,26.3,61,0.68,1
2024/5/1 08:00,10786,28.3,54,1.47,3
2024/5/1 09:00,13561,28.8,55,1.87,4
2024/5/1 10:00,10134,28,60,1.57,4
2024/5/1 11:00,9738,27.9,60,1.52,5
2024/5/1 12:00,10091,27.3,66,0.92,3
2024/5/1 13:00,2635,25.5,80,0.38,1
2024/5/1 14:00,1949,24.2,88,0.23,1
2024/5/1 15:00,1328,23.8,91,0.19,0
2024/5/1 16:00,847,23.5,94,0.17,0
2024/5/1 17:00,424,23.3,95,0.06,0
2024/5/2 06:00,1616,23.1,88,0.22,0
2024/5/2 07:00,3800,24.1,84,0.53,1
2024/5/2 08:00,7656,24.7,78,0.95,2
2024/5/2 09:00,10293,26.3,72,1.62,4
2024/5/2 10:00,20900,28.1,62,3.09,8
2024/5/2 11:00,23499,28.8,62,3.07,9
2024/5/2 12:00,22372,29.2,61,3.39,10
2024/5/2 13:00,21197,29.3,61,3.1,8
2024/5/2 14:00,16546,28.4,63,2.26,5
2024/5/2 15:00,10258,27.7,67,1.71,3
2024/5/2 16:00,5598,26.8,70,0.81,1
2024/5/2 17:00,1293,25.5,73,0.16,0
2024/5/3 06:00,1438,22.6,82,0.24,0
2024/5/3 07:00,7371,24,79,0.99,1
2024/5/3 08:00,13606,25.9,72,1.83,3
2024/5/3 09:00,17318,27.7,64,2.47,5
2024/5/3 10:00,15711,27.5,65,2.07,6
2024/5/3 11:00,18033,28.6,61,3.09,8
2024/5/3 12:00,21291,29.9,58,3.21,9
2024/5/3 13:00,20249,29.8,62,2.93,7
2024/5/3 14:00,16481,29.7,60,2.45,5
2024/5/3 15:00,10455,29.1,64,1.45,2
2024/5/3 16:00,5752,27,71,0.96,1
2024/5/3 17:00,2762,26.4,73,0.37,0
2024/5/4 06:00,3148,24.5,84,0.44,0
2024/5/4 07:00,8079,25.7,78,1.11,1
2024/5/4 08:00,13775,27.3,71,1.88,3
2024/5/4 09:00,18474,28.9,65,2.61,6
2024/5/4 10:00,20829,30.4,60,3.07,8
2024/5/4 11:00,20519,30.7,58,3.09,8
2024/5/4 12:00,22562,31.3,49,3.42,9
2024/5/4 13:00,20626,30.7,58,2.48,7
2024/5/4 14:00,17042,29.9,60,1.76,4
2024/5/4 15:00,9001,29.2,64,1.41,3
2024/5/4 16:00,3906,28.2,70,0.57,1
2024/5/4 17:00,1502,27.5,76,0.23,0
2024/5/5 06:00,2604,25.7,82,0.36,0
2024/5/5 07:00,4821,26.6,77,0.65,1
2024/5/5 08:00,1842,26.4,79,0.22,1
2024/5/5 09:00,814,25.9,85,0.11,0
2024/5/5 10:00,3553,26,90,0.55,2
2024/5/5 11:00,7305,26.1,89,1.16,4
2024/5/5 12:00,13269,27.6,80,1.96,7
2024/5/5 13:00,11024,28.5,75,1.36,4
2024/5/5 14:00,10684,29.1,71,1.34,4
2024/5/5 15:00,6573,29.2,69,0.82,2
2024/5/5 16:00,5242,28.9,72,0.54,1
2024/5/5 17:00,1716,28.7,74,0.21,0
2024/5/6 06:00,3543,25.7,83,0.53,0
2024/5/6 07:00,9576,27.3,74,1.31,2
2024/5/6 08:00,14324,28.6,69,1.92,4
2024/5/6 09:00,18792,29.5,66,2.36,6
2024/5/6 10:00,19635,30,64,2.39,7
2024/5/6 11:00,20716,31.4,62,2.63,8
2024/5/6 12:00,17631,31.5,61,3.37,9
2024/5/6 13:00,21651,31.7,60,3.07,8
2024/5/6 14:00,17383,31.9,61,2.59,6
2024/5/6 15:00,12804,31.2,59,1.86,3
2024/5/6 16:00,7992,29.8,66,1.26,1
2024/5/6 17:00,3184,28.3,72,0.39,0
2024/5/7 06:00,2595,25.6,79,0.37,0
2024/5/7 07:00,9468,26.9,74,1.27,1
2024/5/7 08:00,14293,28.1,68,1.9,3
2024/5/7 09:00,16162,30.1,58,2.47,6
2024/5/7 10:00,21310,31.4,56,3.08,8
2024/5/7 11:00,18163,31.3,56,2.69,7
2024/5/7 12:00,15222,31.1,59,2.35,7
2024/5/7 13:00,11034,30.2,62,1.49,4
2024/5/7 14:00,11276,30.2,63,1.61,4
2024/5/7 15:00,7993,29.3,65,0.96,2
2024/5/7 16:00,4947,29,67,0.62,1
2024/5/7 17:00,1770,28.1,69,0.22,0
2024/5/8 06:00,1797,25.9,82,0.25,0
2024/5/8 07:00,4742,26.4,80,0.58,1
2024/5/8 08:00,8809,27.5,74,1.52,3
2024/5/8 09:00,11796,28.7,69,1.54,4
2024/5/8 10:00,11192,28.8,66,1.38,4
2024/5/8 11:00,7599,28.7,66,1.05,3
2024/5/8 12:00,11639,29.8,65,2.18,6
2024/5/8 13:00,17271,30.6,57,2.78,7
2024/5/8 14:00,15745,30.6,59,2.51,5
2024/5/8 15:00,13181,30.3,62,1.83,3
2024/5/8 16:00,7786,29.3,62,1.21,1
2024/5/8 17:00,2682,28.8,61,0.37,0
2024/5/9 06:00,2848,23.9,64,0.46,0
2024/5/9 07:00,6142,25.7,62,0.89,1
2024/5/9 08:00,14883,28,55,2.05,3
2024/5/9 09:00,18553,27.8,50,2.59,6
2024/5/9 10:00,18754,27.9,48,2.59,7
2024/5/9 11:00,22727,29.1,46,3.21,9
2024/5/9 12:00,23485,29.6,44,3.53,10
2024/5/9 13:00,22078,30.2,44,3.33,8
2024/5/9 14:00,16305,28.7,49,2.29,5
2024/5/9 15:00,10386,27.5,52,1.28,2
2024/5/9 16:00,6331,26.2,56,0.8,1
2024/5/9 17:00,2050,25.5,59,0.3,0
2024/5/10 06:00,2780,23.9,68,0.47,0
2024/5/10 07:00,9679,25.7,63,1.33,2
2024/5/10 08:00,10580,26.3,65,1.54,3
2024/5/10 09:00,18514,28.2,63,2.57,6
2024/5/10 10:00,20743,28,59,2.68,7
2024/5/10 11:00,21068,29.5,57,2.96,8
2024/5/10 12:00,21234,30.5,53,3.45,9
2024/5/10 13:00,17798,29.9,54,2.48,6
2024/5/10 14:00,13219,29.2,56,1.86,4
2024/5/10 15:00,11490,29.1,58,1.9,3
2024/5/10 16:00,7648,27.8,64,1.16,1
2024/5/10 17:00,2651,27.1,68,0.38,0
2024/5/11 06:00,1474,24.6,82,0.19,0
2024/5/11 07:00,2603,25,81,0.35,1
2024/5/11 08:00,3829,25.6,78,0.55,1
2024/5/11 09:00,8647,26.5,73,1.2,3
2024/5/11 10:00,19376,28.5,57,2.62,7
2024/5/11 11:00,21952,29.7,58,3.02,9
2024/5/11 12:00,21366,30.3,56,3.1,9
2024/5/11 13:00,17431,30.8,48,2.07,6
2024/5/11 14:00,16831,31.2,50,2.7,6
2024/5/11 15:00,12098,30.9,30,1.83,3
2024/5/11 16:00,7883,30.3,27,1.26,1
2024/5/11 17:00,2358,29.3,30,0.38,0
2024/5/12 06:00,842,25.8,60,0.14,0
2024/5/12 07:00,4259,27.2,61,0.65,1
2024/5/12 08:00,11303,29.2,55,1.3,3
2024/5/12 09:00,14384,31.4,55,2.09,6
2024/5/12 10:00,19929,31.2,57,2.68,8
2024/5/12 11:00,16191,31.9,58,2.5,8
2024/5/12 12:00,12187,31.6,60,2.36,7
2024/5/12 13:00,18715,32.3,59,3.19,8
2024/5/12 14:00,18075,32.4,57,2.56,6
2024/5/12 15:00,13580,30.5,63,1.52,3
2024/5/12 16:00,3804,29.3,68,0.47,1
2024/5/12 17:00,803,28.6,74,0.09,0
2024/5/13 06:00,2985,23.6,80,0.42,0
2024/5/13 07:00,7924,23.9,76,1.12,2
2024/5/13 08:00,12992,24.5,72,2.05,4
2024/5/13 09:00,12385,24.8,70,2.13,6
2024/5/13 10:00,20874,26.6,66,3.2,9
2024/5/13 11:00,23027,26.5,61,3.32,10
2024/5/13 12:00,19769,26.3,61,2.7,8
2024/5/13 13:00,15159,26.2,59,2.13,6
2024/5/13 14:00,12254,25.9,60,1.53,4
2024/5/13 15:00,5641,24.8,62,0.73,2
2024/5/13 16:00,3374,23.5,65,0.36,1
2024/5/13 17:00,1339,22,68,0.16,0
2024/5/14 06:00,770,21.8,68,0.14,0
2024/5/14 07:00,1732,21.9,68,0.27,0
2024/5/14 08:00,2739,22.9,66,0.38,1
2024/5/14 09:00,2849,22.6,67,0.4,1
2024/5/14 10:00,4170,23.5,67,0.63,2
2024/5/14 11:00,7877,24.4,66,1.12,4
2024/5/14 12:00,9654,25.6,64,1.4,4
2024/5/14 13:00,11868,26.5,62,1.6,4
2024/5/14 14:00,13619,26.8,59,2.27,5
2024/5/14 15:00,11608,27.2,58,2.07,3
2024/5/14 16:00,7839,26.6,59,1.22,1
2024/5/14 17:00,2599,25.1,64,0.41,0
2024/5/15 06:00,3974,22.5,78,0.61,0
2024/5/15 07:00,8185,23.9,72,1.2,1
2024/5/15 08:00,15120,26.1,66,2.11,4
2024/5/15 09:00,18479,27.7,60,2.61,6
2024/5/15 10:00,21749,28.7,56,3.15,8
2024/5/15 11:00,21331,29.1,55,2.88,8
2024/5/15 12:00,23544,29.4,54,1.65,5
2024/5/15 13:00,18548,29.8,51,3,7
2024/5/15 14:00,18072,29.7,51,2.73,6
2024/5/15 15:00,13538,29.2,51,2.05,3
2024/5/15 16:00,7828,28.5,51,1.26,1
2024/5/15 17:00,2767,27.5,44,0.43,0
2024/5/16 06:00,4048,22.9,47,0.55,0
2024/5/16 07:00,9291,24.4,43,1.24,1
2024/5/16 08:00,14471,26.4,44,2.09,4
2024/5/16 09:00,18620,27.5,44,2.65,6
2024/5/16 10:00,22902,28,44,2.85,7
2024/5/16 11:00,16381,29.8,44,2.51,7
2024/5/16 12:00,22958,29.6,43,3.41,9
2024/5/16 13:00,19258,28.9,49,2.79,7
2024/5/16 14:00,16269,28.2,51,2.02,4
2024/5/16 15:00,7815,26.2,58,1.02,2
2024/5/16 16:00,8750,26.4,57,1.26,1
2024/5/16 17:00,2915,26.1,59,0.46,0
2024/5/17 06:00,2046,24.3,72,0.33,0
2024/5/17 07:00,5044,24.7,70,0.71,1
2024/5/17 08:00,8607,26.2,65,1.39,3
2024/5/17 09:00,17509,27.4,60,2.81,6
2024/5/17 10:00,19514,28.3,58,2.72,7
2024/5/17 11:00,21378,28.7,56,2.53,7
2024/5/17 12:00,13461,28,62,1.82,5
2024/5/17 13:00,15973,27.7,53,2.37,6
2024/5/17 14:00,9365,27,53,1.34,3
2024/5/17 15:00,6556,27.7,52,1.05,2
2024/5/17 16:00,5184,27.7,44,0.75,1
2024/5/17 17:00,2202,27,57,0.34,0
2024/5/18 06:00,2653,23.4,71,0.4,0
2024/5/18 07:00,7540,24.6,70,1.05,1
2024/5/18 08:00,10616,26.6,55,1.38,2
2024/5/18 09:00,14045,28,47,2.02,5
2024/5/18 10:00,17141,27.7,60,1.82,5
2024/5/18 11:00,17342,28.6,50,2,6
2024/5/18 12:00,10463,28.5,58,1.65,5
2024/5/18 13:00,14155,29.4,59,2.76,7
2024/5/18 14:00,18129,29.8,59,2.32,5
2024/5/18 15:00,11599,29.1,63,1.75,3
2024/5/18 16:00,4560,27.7,69,0.57,1
2024/5/18 17:00,1285,27.2,69,0.21,0
2024/5/19 06:00,1483,24.8,77,0.24,0
2024/5/19 07:00,4897,26.4,69,0.77,1
2024/5/19 08:00,13438,27.8,64,1.82,3
2024/5/19 09:00,15607,29,60,2.18,5
2024/5/19 10:00,15570,29.6,52,2.36,7
2024/5/19 11:00,12680,29.2,58,1.83,6
2024/5/19 12:00,12637,29.6,56,1.52,5
2024/5/19 13:00,14445,30.6,51,1.93,5
2024/5/19 14:00,11649,30.8,45,1.73,4
2024/5/19 15:00,9374,29.2,66,1.07,2
2024/5/19 16:00,2808,27.6,73,0.36,1
2024/5/19 17:00,1687,27.6,70,0.24,0
2024/5/20 06:00,1737,26.3,75,0.25,0
2024/5/20 07:00,2401,26.5,76,0.33,1
2024/5/20 08:00,5968,27.3,74,0.81,2
2024/5/20 09:00,10033,28.5,69,1.34,4
2024/5/20 10:00,7390,28.5,65,0.88,3
2024/5/20 11:00,8967,29.4,63,1.12,4
2024/5/20 12:00,9970,29.7,65,1.26,4
2024/5/20 13:00,7630,29.7,67,1.08,3
2024/5/20 14:00,6974,29.7,68,0.98,3
2024/5/20 15:00,5735,29.7,67,0.79,2
2024/5/20 16:00,3701,29,66,0.44,1
2024/5/20 17:00,1149,28.5,70,0.16,0
2024/5/21 06:00,911,26.5,83,0.14,0
2024/5/21 07:00,2541,26.2,86,0.35,1
2024/5/21 08:00,3663,26.6,85,0.46,1
2024/5/21 09:00,5849,27.2,83,0.69,2
2024/5/21 10:00,10982,27.9,78,1.26,4
2024/5/21 11:00,8633,28.6,75,0.9,3
2024/5/21 12:00,11219,29.6,71,1.43,5
2024/5/21 13:00,9282,30.1,67,1.17,4
2024/5/21 14:00,10155,29.8,66,1.01,3
2024/5/21 15:00,9331,29.7,68,0.93,2
2024/5/21 16:00,4522,29,68,0.54,1
2024/5/21 17:00,1281,28.3,71,0.15,0
2024/5/22 06:00,1960,25.7,87,0.34,0
2024/5/22 07:00,5663,26.9,83,1.08,2
2024/5/22 08:00,11899,27.9,76,1.56,4
2024/5/22 09:00,9152,28.9,73,1.33,4
2024/5/22 10:00,16618,29.7,71,2.07,7
2024/5/22 11:00,16892,30.6,63,2.39,7
2024/5/22 12:00,15199,31.1,61,1.76,6
2024/5/22 13:00,10364,30.2,64,1.36,4
2024/5/22 14:00,10621,29.5,68,1.5,4
2024/5/22 15:00,4347,27.2,77,0.56,1
2024/5/22 16:00,2442,27.3,77,0.27,0
2024/5/22 17:00,1030,27.2,75,0.13,0
2024/5/23 06:00,1446,26,81,0.22,0
2024/5/23 07:00,3329,26.6,79,0.45,1
2024/5/23 08:00,6814,27.8,74,1.08,3
2024/5/23 09:00,11178,28.6,71,1.45,4
2024/5/23 10:00,11507,29.6,68,1.42,5
2024/5/23 11:00,11177,30,68,1.57,6
2024/5/23 12:00,8901,29.8,67,1.08,4
2024/5/23 13:00,7477,29.9,68,1,3
2024/5/23 14:00,5992,29.6,70,0.73,2
2024/5/23 15:00,4067,28.4,76,0.38,1
2024/5/23 16:00,2039,28.1,77,0.26,0
2024/5/23 17:00,1047,27.1,81,0.15,0
2024/5/24 06:00,704,25,91,0.1,0
2024/5/24 07:00,1521,25,95,0.17,0
2024/5/24 08:00,5034,25.6,91,0.55,1
2024/5/24 09:00,5927,26.4,88,0.69,2
2024/5/24 10:00,8836,28,82,1.18,4
2024/5/24 11:00,14615,29.1,72,2.02,7
2024/5/24 12:00,9850,29.3,71,1.33,5
2024/5/24 13:00,9799,29.9,67,1.21,4
2024/5/24 14:00,6951,29.4,71,0.77,2
2024/5/24 15:00,3074,26.9,83,0.37,1
2024/5/24 16:00,2154,26.5,85,0.26,0
2024/5/24 17:00,983,26.2,89,0.12,0
2024/5/25 06:00,1973,26.3,81,0.3,0
2024/5/25 07:00,3893,27.1,78,0.55,1
2024/5/25 08:00,5531,28.3,67,0.7,2
2024/5/25 09:00,8089,28.7,67,1.1,3
2024/5/25 10:00,10989,29.5,67,1.45,5
2024/5/25 11:00,21375,31.8,56,3.49,11
2024/5/25 12:00,15973,32,54,2.47,8
2024/5/25 13:00,9470,31.3,58,1.3,4
2024/5/25 14:00,7486,30.3,64,0.89,3
2024/5/25 15:00,6870,29.1,76,0.89,2
2024/5/25 16:00,3843,28.8,77,0.43,1
2024/5/25 17:00,1118,28.5,78,0.15,0
2024/5/26 06:00,1542,27.3,81,0.26,0
2024/5/26 07:00,3856,28,77,0.53,1
2024/5/26 08:00,4385,28.2,78,0.63,2
2024/5/26 09:00,7115,28.4,75,0.95,3
2024/5/26 10:00,7693,29,73,0.93,3
2024/5/26 11:00,7440,28.9,75,1,3
2024/5/26 12:00,6325,29.1,75,0.8,3
2024/5/26 13:00,6821,29.2,71,0.94,3
2024/5/26 14:00,6588,29.4,70,0.88,2
2024/5/26 15:00,5940,29,74,0.75,2
2024/5/26 16:00,4052,28.5,75,0.53,1
2024/5/26 17:00,2719,28.3,76,0.39,0
2024/5/27 06:00,1479,26.7,79,0.21,0
2024/5/27 07:00,3296,28.1,72,0.5,1
2024/5/27 08:00,8333,29.4,67,1.15,3
2024/5/27 09:00,9151,29.1,72,1.37,4
2024/5/27 10:00,6985,28.3,76,0.86,3
2024/5/27 11:00,5492,25.8,88,0.92,4
2024/5/27 12:00,7106,26,90,0.95,4
2024/5/27 13:00,11917,28.1,75,1.58,6
2024/5/27 14:00,11610,30.4,67,1.63,5
2024/5/27 15:00,10738,30.3,62,1.37,3
2024/5/27 16:00,2518,29.7,64,0.43,1
2024/5/27 17:00,1737,29.3,67,0.22,0
2024/5/28 06:00,0,23.8,95,0.01,0
2024/5/28 07:00,28,23.7,96,0.03,0
2024/5/28 08:00,2483,24.3,96,0.29,1
2024/5/28 09:00,2011,24.5,96,0.34,1
2024/5/28 10:00,6878,25.8,95,1,4
2024/5/28 11:00,8716,26,89,1.01,4
2024/5/28 12:00,13116,27.2,79,1.95,7
2024/5/28 13:00,20640,28.3,72,3.17,9
2024/5/28 14:00,20267,28,69,2.83,7
2024/5/28 15:00,9117,27.5,70,1.43,3
2024/5/28 16:00,4081,27.4,68,0.46,1
2024/5/28 17:00,2167,26.3,71,0.32,0
2024/5/29 06:00,1687,23.9,80,0.22,0
2024/5/29 07:00,3443,24.7,78,0.46,1
2024/5/29 08:00,6650,25.9,75,0.79,2
2024/5/29 09:00,9496,26.9,75,1.26,4
2024/5/29 10:00,11329,25.9,82,1.2,4
2024/5/29 11:00,16823,27.5,78,1.88,7
2024/5/29 12:00,22566,29.5,68,3.36,11
2024/5/29 13:00,18398,30.4,64,3.09,9
2024/5/29 14:00,17064,29.8,64,2.63,7
2024/5/29 15:00,13711,30.1,63,2.24,4
2024/5/29 16:00,8164,30,63,0.92,1
2024/5/29 17:00,2837,28.6,68,0.45,0
2024/5/30 06:00,3491,26.2,81,0.52,1
2024/5/30 07:00,9924,27.6,76,1.38,2
2024/5/30 08:00,15250,29.8,67,2.14,4
2024/5/30 09:00,19267,31.2,61,2.85,8
2024/5/30 10:00,22221,31.9,62,3.31,11
2024/5/30 11:00,20857,32.7,61,2.81,10
2024/5/30 12:00,14545,31.8,62,1.66,6
2024/5/30 13:00,19182,32,66,1.93,6
2024/5/30 14:00,10697,31.2,68,1.06,3
2024/5/30 15:00,2337,27.1,91,0.31,1
2024/5/30 16:00,4853,27.6,91,0.55,1
2024/5/30 17:00,2909,27.8,86,0.3,0
2024/5/31 06:00,3925,27.8,77,0.64,1
2024/5/31 07:00,10314,30.1,65,1.44,2
2024/5/31 08:00,13327,31.1,62,1.94,5
2024/5/31 09:00,19109,32.2,58,2.7,8
2024/5/31 10:00,16456,32.6,60,2.82,9
2024/5/31 11:00,8222,31.5,65,1.34,5
2024/5/31 12:00,6988,29.3,80,0.94,4
2024/5/31 13:00,13864,31.3,66,1.8,7
2024/5/31 14:00,12002,30,75,1.26,4
2024/5/31 15:00,14004,31.8,68,1.78,4
2024/5/31 16:00,9019,32,62,0.87,1
2024/5/31 17:00,2140,31.2,68,0.2,0
2024/6/1 06:00,2323,27.8,79,0.31,0
2024/6/1 07:00,5014,29.3,73,0.74,2
2024/6/1 08:00,12066,31.7,59,1.93,4
2024/6/1 09:00,11981,31.8,57,1.53,5
2024/6/1 10:00,11216,32,60,1.4,5
2024/6/1 11:00,6172,30.6,71,0.71,3
2024/6/1 12:00,5193,28.9,81,0.66,3
2024/6/1 13:00,5125,28.2,82,0.72,3
2024/6/1 14:00,1823,27.2,91,0.23,1
2024/6/1 15:00,3791,27.7,88,0.52,1
2024/6/1 16:00,3121,27.8,84,0.41,1
2024/6/1 17:00,1680,28,85,0.19,0
2024/6/2 06:00,113,26.9,87,0.02,0
2024/6/2 07:00,736,26.7,89,0.09,0
2024/6/2 08:00,299,25.8,95,0.07,0
2024/6/2 09:00,605,26.1,94,0.12,0
2024/6/2 10:00,1018,25.5,95,0.2,1
2024/6/2 11:00,5881,26.2,92,0.81,3
2024/6/2 12:00,9040,27.7,80,1.48,6
2024/6/2 13:00,8612,28.1,81,1.24,5
2024/6/2 14:00,9753,28.9,74,1.24,4
2024/6/2 15:00,5598,28.7,72,0.55,2
2024/6/2 16:00,850,26.1,91,0.09,0
2024/6/2 17:00,555,26,93,0.07,0
2024/6/3 06:00,1001,22.6,85,0.17,0
2024/6/3 07:00,3510,23.2,80,0.55,1
2024/6/3 08:00,8939,24.6,74,1.45,3
2024/6/3 09:00,11749,25,70,1.64,5
2024/6/3 10:00,12357,26.2,67,2.12,7
2024/6/3 11:00,16577,27,66,2.47,9
2024/6/3 12:00,12461,27.4,64,2.11,7
2024/6/3 13:00,15727,28,60,2.34,8
2024/6/3 14:00,9391,27.3,63,1.16,4
2024/6/3 15:00,7655,26.2,64,1.29,3
2024/6/3 16:00,4874,25.9,63,0.55,1
2024/6/3 17:00,1276,25.5,64,0.17,0
2024/6/4 06:00,772,24.9,80,0.12,0
2024/6/4 07:00,2355,25.4,77,0.3,1
2024/6/4 08:00,4981,26.1,77,0.61,2
2024/6/4 09:00,8876,27.2,73,1.16,4
2024/6/4 10:00,10662,27.4,72,1.71,6
2024/6/4 11:00,8126,27.9,73,1.27,5
2024/6/4 12:00,6387,28.1,71,0.91,4
2024/6/4 13:00,5953,27.9,71,0.72,3
2024/6/4 14:00,6294,27.9,66,0.7,2
2024/6/4 15:00,3046,27.8,64,0.37,1
2024/6/4 16:00,2249,27.8,65,0.22,0
2024/6/4 17:00,324,26.6,68,0.04,0
2024/6/5 06:00,941,24.2,94,0.14,0
2024/6/5 07:00,2053,24.5,90,0.26,1
2024/6/5 08:00,6637,25.8,79,0.86,2
2024/6/5 09:00,8659,26.4,75,1.06,4
2024/6/5 10:00,3854,24.8,88,0.49,2
2024/6/5 11:00,10068,25.8,87,0.94,4
2024/6/5 12:00,9351,26.7,80,1.17,5
2024/6/5 13:00,3583,25.4,90,0.51,2
2024/6/5 14:00,5859,25.2,90,0.71,2
2024/6/5 15:00,4493,25.2,92,0.55,1
2024/6/5 16:00,2316,25,93,0.27,1
2024/6/5 17:00,659,25.1,94,0.11,0
2024/6/6 06:00,1681,24.9,94,0.21,0
2024/6/6 07:00,3777,25.9,88,0.51,1
2024/6/6 08:00,8114,27.5,81,1.02,3
2024/6/6 09:00,6023,26.7,83,0.55,2
2024/6/6 10:00,10637,27.7,79,1.32,5
2024/6/6 11:00,12497,28.8,72,1.72,6
2024/6/6 12:00,12072,29.4,73,1.73,6
2024/6/6 13:00,11769,29.8,71,2.87,9
2024/6/6 14:00,6221,28,76,1.12,4
2024/6/6 15:00,7683,27.2,77,0.8,2
2024/6/6 16:00,2490,25.7,83,0.27,1
2024/6/6 17:00,1050,25.6,83,0.13,0
2024/6/7 06:00,1508,25.2,83,0.27,0
2024/6/7 07:00,4561,26.2,80,0.81,1
2024/6/7 08:00,10403,27.5,75,1.28,3
2024/6/7 09:00,11425,28.9,72,1.4,4
2024/6/7 10:00,19158,30.3,64,2.7,9
2024/6/7 11:00,22414,31,63,3.25,11
2024/6/7 12:00,20511,31.2,67,2.4,8
2024/6/7 13:00,18864,30.6,67,3.16,10
2024/6/7 14:00,14125,29.8,71,2.65,7
2024/6/7 15:00,14154,28.7,75,1.95,4
2024/6/7 16:00,6978,27.7,78,0.82,1
2024/6/7 17:00,2541,27.7,78,0.48,0
2024/6/8 06:00,1971,26.4,86,0.29,0
2024/6/8 07:00,8461,27.5,82,0.93,1
2024/6/8 08:00,10715,29.5,74,1.94,4
2024/6/8 09:00,16451,29.3,69,2.21,6
2024/6/8 10:00,16348,30.3,68,2.45,8
2024/6/8 11:00,15557,31.1,66,2.01,7
2024/6/8 12:00,17491,31.2,66,2.18,8
2024/6/8 13:00,19075,31.5,68,2.46,8
2024/6/8 14:00,17968,32,61,2.62,7
2024/6/8 15:00,14121,31.8,61,2.14,4
2024/6/8 16:00,9604,30.7,63,1.39,2
2024/6/8 17:00,4175,29.5,69,0.61,0
2024/6/9 06:00,4127,27.8,79,0.67,1
2024/6/9 07:00,6934,29.1,74,1.09,2
2024/6/9 08:00,9901,30.1,70,1.55,4
2024/6/9 09:00,7656,27.5,82,0.77,2
2024/6/9 10:00,2646,27.8,90,0.55,2
2024/6/9 11:00,14060,28.5,81,2.06,7
2024/6/9 12:00,16160,29.4,77,1.56,6
2024/6/9 13:00,14123,30.8,68,2.3,8
2024/6/9 14:00,10738,31.5,68,2.04,6
2024/6/9 15:00,5901,27.9,79,1.22,3
2024/6/9 16:00,9629,28.7,73,1.41,2
2024/6/9 17:00,2460,28.5,78,0.39,0
2024/6/10 06:00,2288,27.3,81,0.35,0
2024/6/10 07:00,3450,27.7,81,0.51,1
2024/6/10 08:00,6853,27.5,84,0.71,2
2024/6/10 09:00,11856,28.9,75,1.59,5
2024/6/10 10:00,12924,29.7,72,2.17,8
2024/6/10 11:00,11688,29.3,77,1.65,7
2024/6/10 12:00,16390,30.3,70,2.54,9
2024/6/10 13:00,14277,31.8,64,1.7,6
2024/6/10 14:00,15859,31.6,63,1.99,6
2024/6/10 15:00,6786,31,68,0.93,2
2024/6/10 16:00,5420,30.6,68,0.68,1
2024/6/10 17:00,2192,30.6,68,0.39,0
2024/6/11 06:00,1048,27.5,81,0.16,0
2024/6/11 07:00,3618,27.9,78,0.5,1
2024/6/11 08:00,5780,28.3,79,0.85,2
2024/6/11 09:00,10171,29.2,70,1.42,5
2024/6/11 10:00,9546,30.5,66,1.01,4
2024/6/11 11:00,13058,31.5,62,1.7,7
2024/6/11 12:00,16789,31.6,62,1.92,8
2024/6/11 13:00,10604,29.7,81,1.35,5
2024/6/11 14:00,12500,30.7,69,1.84,6
2024/6/11 15:00,14895,31.9,64,2.16,5
2024/6/11 16:00,5626,30.2,69,0.7,1
2024/6/11 17:00,4272,29.4,73,0.8,0
2024/6/12 06:00,3224,28.7,72,0.55,1
2024/6/12 07:00,11658,30,70,1.31,2
2024/6/12 08:00,11435,30.6,67,1.72,4
2024/6/12 09:00,10954,31.2,68,1.51,5
2024/6/12 10:00,14544,32.4,63,2.1,7
2024/6/12 11:00,10314,30.7,72,1.66,6
2024/6/12 12:00,14331,31.5,67,2.23,8
2024/6/12 13:00,18343,32.4,62,2.61,9
2024/6/12 14:00,15521,30.7,69,1.84,6
2024/6/12 15:00,6742,30.8,66,1.05,3
2024/6/12 16:00,6426,31.4,64,1.02,1
2024/6/12 17:00,2740,30.4,68,0.44,0
2024/6/13 06:00,1199,28.3,71,0.19,0
2024/6/13 07:00,1191,26.4,89,0.14,0
2024/6/13 08:00,2390,26.9,86,0.25,1
2024/6/13 09:00,5000,27.9,78,0.55,2
2024/6/13 10:00,5683,27.7,79,0.54,2
2024/6/13 11:00,15576,30.2,70,1.64,7
2024/6/13 12:00,12515,30.8,72,1.87,7
2024/6/13 13:00,9998,30.9,67,1.03,4
2024/6/13 14:00,6788,31.2,66,0.94,3
2024/6/13 15:00,7261,28.9,80,0.9,2
2024/6/13 16:00,4152,31.1,68,0.93,1
2024/6/13 17:00,2676,30.7,68,0.48,0
2024/6/14 06:00,1985,27.7,79,0.3,0
2024/6/14 07:00,1533,26.5,89,0.23,1
2024/6/14 08:00,3619,26.7,86,0.49,1
2024/6/14 09:00,3850,27.5,80,0.33,1
2024/6/14 10:00,6488,28.3,76,0.53,2
2024/6/14 11:00,3110,26.8,93,0.33,1
2024/6/14 12:00,4394,28,94,0.8,3
2024/6/14 13:00,4307,25.6,92,0.88,3
2024/6/14 14:00,8843,27.3,88,1.37,4
2024/6/14 15:00,12011,29.6,76,1.77,4
2024/6/14 16:00,5040,29.6,76,0.72,1
2024/6/14 17:00,2842,28.7,84,0.46,0
2024/6/15 06:00,3186,28.6,72,0.48,0
2024/6/15 07:00,8438,29.7,69,1.32,2
2024/6/15 08:00,14793,30.7,67,2.03,5
2024/6/15 09:00,15811,31.8,65,2.88,8
2024/6/15 10:00,21279,32,65,2.51,8
2024/6/15 11:00,20020,32.8,62,2.67,9
2024/6/15 12:00,21025,34.1,64,2.63,10
2024/6/15 13:00,18016,32.9,61,2.17,8
2024/6/15 14:00,13577,33.6,61,1.61,5
2024/6/15 15:00,10463,32.8,61,1.34,3
2024/6/15 16:00,5595,32.1,67,0.91,1
2024/6/15 17:00,2388,31.6,70,0.28,0
2024/6/16 06:00,2459,28.7,76,0.35,0
2024/6/16 07:00,6930,29.7,72,1.05,2
2024/6/16 08:00,10182,30,70,1.25,3
2024/6/16 09:00,15643,30.9,64,1.59,5
2024/6/16 10:00,20198,32.4,58,3.13,10
2024/6/16 11:00,17091,32.5,60,1.97,7
2024/6/16 12:00,13586,32.5,61,1.72,6
2024/6/16 13:00,12593,33.1,64,1.85,6
2024/6/16 14:00,13866,32.9,61,1.99,6
2024/6/16 15:00,10380,32.4,63,1.46,3
2024/6/16 16:00,6308,32,65,0.7,1
2024/6/16 17:00,1463,30.6,70,0.14,0
2024/6/17 06:00,3969,29,71,0.49,0
2024/6/17 07:00,5156,29.5,68,0.68,1
2024/6/17 08:00,6853,30.4,66,0.88,2
2024/6/17 09:00,5624,30.7,67,0.79,3
2024/6/17 10:00,12400,32.1,64,1.83,6
2024/6/17 11:00,18043,31.7,65,2.46,9
2024/6/17 12:00,14611,32.4,64,2.11,8
2024/6/17 13:00,17487,33,65,2.4,8
2024/6/17 14:00,14312,33.1,65,1.77,5
2024/6/17 15:00,10389,31.9,66,1.08,3
2024/6/17 16:00,4545,31.4,64,0.54,1
2024/6/17 17:00,1037,30.7,70,0.11,0
2024/6/18 06:00,2923,28.6,76,0.39,0
2024/6/18 07:00,6156,29.5,71,0.93,1
2024/6/18 08:00,5693,29.7,72,0.77,2
2024/6/18 09:00,9677,30.3,69,1.37,5
2024/6/18 10:00,13195,31.2,63,1.53,6
2024/6/18 11:00,15151,31.9,65,1.79,7
2024/6/18 12:00,5768,25.7,87,1.49,5
2024/6/18 13:00,5468,27.9,88,1.25,4
2024/6/18 14:00,17940,29.2,77,2.67,8
2024/6/18 15:00,9368,30.3,71,1.29,3
2024/6/18 16:00,3581,28.8,74,1.03,1
2024/6/18 17:00,1562,27,86,0.21,0
2024/6/19 06:00,1097,27.1,83,0.19,0
2024/6/19 07:00,4991,28.2,78,0.81,2
2024/6/19 08:00,13346,30.3,72,2.14,4
2024/6/19 09:00,18797,31,68,2.8,8
2024/6/19 10:00,21636,32.1,63,3.1,10
2024/6/19 11:00,19545,32.6,62,2.91,10
2024/6/19 12:00,20435,32.9,65,2.94,10
2024/6/19 13:00,17991,32.9,62,2.83,9
2024/6/19 14:00,18221,32.8,65,2.78,7
2024/6/19 15:00,9391,29.7,61,1.33,3
2024/6/19 16:00,6784,29.7,63,0.98,1
2024/6/19 17:00,3625,29.7,67,0.67,0
2024/6/20 06:00,4337,28.2,77,0.68,1
2024/6/20 07:00,10721,29.9,68,1.49,2
2024/6/20 08:00,15492,31,66,2.19,5
2024/6/20 09:00,18047,32.3,64,2.45,7
2024/6/20 10:00,20178,33.2,59,3.14,10
2024/6/20 11:00,17023,33.2,59,3.19,10
2024/6/20 12:00,18944,33.5,63,3.05,10
2024/6/20 13:00,18544,33.3,63,2.73,9
2024/6/20 14:00,19390,33.1,63,2.57,7
2024/6/20 15:00,9877,32.2,65,1.34,3
2024/6/20 16:00,5589,31.4,66,0.64,1
2024/6/20 17:00,1794,30.8,72,0.28,0
2024/6/21 06:00,4184,28.6,77,0.47,0
2024/6/21 07:00,8256,30.5,68,1.32,2
2024/6/21 08:00,15349,31.5,64,2.19,5
2024/6/21 09:00,19180,33.1,57,2.87,8
2024/6/21 10:00,19454,33.6,57,3.12,10
2024/6/21 11:00,21833,33.5,62,3.06,10
2024/6/21 12:00,17561,34.4,64,2.79,9
2024/6/21 13:00,18442,33.3,66,3.03,9
2024/6/21 14:00,17821,33.4,66,2.38,6
2024/6/21 15:00,15654,32.9,66,1.91,4
2024/6/21 16:00,4418,27,87,0.87,1
2024/6/21 17:00,3143,27.3,88,0.56,0
2024/6/22 06:00,3656,28.4,79,0.56,0
2024/6/22 07:00,9637,30.2,67,1.38,2
2024/6/22 08:00,15125,31.3,62,2.16,5
2024/6/22 09:00,19171,32.7,57,2.84,8
2024/6/22 10:00,13404,33.2,63,2.63,8
2024/6/22 11:00,18852,34.6,59,2.87,10
2024/6/22 12:00,12491,33.7,66,2.11,7
2024/6/22 13:00,18751,33.6,67,2.3,8
2024/6/22 14:00,15995,34,66,2.53,7
2024/6/22 15:00,15275,33.3,66,2.11,4
2024/6/22 16:00,6214,32,74,0.87,1
2024/6/22 17:00,3293,31.6,74,0.55,0
2024/6/23 06:00,3975,29.8,74,0.6,0
2024/6/23 07:00,9785,30.8,67,1.39,2
2024/6/23 08:00,15026,32.1,62,2.11,4
2024/6/23 09:00,17775,33.3,61,2.67,7
2024/6/23 10:00,20023,34.2,56,2.94,9
2024/6/23 11:00,21175,35.1,50,3.15,11
2024/6/23 12:00,21863,35.5,49,3.34,11
2024/6/23 13:00,13818,33.6,65,2.3,7
2024/6/23 14:00,14175,34.3,64,2.23,6
2024/6/23 15:00,5974,31.9,69,0.74,2
2024/6/23 16:00,504,30.8,75,0.08,0
2024/6/23 17:00,140,30.5,76,0.03,0
2024/6/24 06:00,3932,28.4,76,0.61,0
2024/6/24 07:00,9749,29.9,70,1.39,2
2024/6/24 08:00,15098,31.3,65,2.13,4
2024/6/24 09:00,17975,32.6,58,2.78,7
2024/6/24 10:00,20807,33.7,54,3.32,10
2024/6/24 11:00,21283,34.7,53,3.14,10
2024/6/24 12:00,14913,34.2,63,2.78,9
2024/6/24 13:00,17820,33.5,64,2.91,9
2024/6/24 14:00,20411,33.7,61,3.04,7
2024/6/24 15:00,10288,32.2,68,1.47,3
2024/6/24 16:00,729,31.1,72,0.16,0
2024/6/24 17:00,71,27.7,85,0.01,0
2024/6/25 06:00,3961,27.4,78,0.54,0
2024/6/25 07:00,8526,28.9,70,1.08,2
2024/6/25 08:00,9651,30.2,64,1.35,3
2024/6/25 09:00,15781,31.5,63,2.39,7
2024/6/25 10:00,18878,32.5,64,2.68,8
2024/6/25 11:00,17536,32.7,63,2.45,8
2024/6/25 12:00,14999,33.7,61,3,9
2024/6/25 13:00,12149,32.8,67,2.1,6
2024/6/25 14:00,15964,32.3,68,2.21,6
2024/6/25 15:00,7003,31.7,70,1.88,3
2024/6/25 16:00,5162,29,77,1.05,1
2024/6/25 17:00,2080,27.3,83,0.29,0
2024/6/26 06:00,3359,28.3,73,0.6,1
2024/6/26 07:00,11809,30.4,66,1.62,2
2024/6/26 08:00,16110,32.4,57,2.04,5
2024/6/26 09:00,19293,33.1,56,2.77,8
2024/6/26 10:00,17448,32.9,56,2.73,9
2024/6/26 11:00,18427,33.8,53,3.34,12
2024/6/26 12:00,22078,34.6,52,3.62,13
2024/6/26 13:00,21635,33.9,52,3.2,10
2024/6/26 14:00,19041,33.6,54,2.91,8
2024/6/26 15:00,14412,33.1,53,2.17,4
2024/6/26 16:00,8992,32.4,55,1.49,2
2024/6/26 17:00,4097,32.4,57,0.72,1
2024/6/27 06:00,3799,27.7,67,0.56,0
2024/6/27 07:00,10183,29.6,59,1.45,2
2024/6/27 08:00,15403,31.6,57,2.18,5
2024/6/27 09:00,18618,32.3,53,2.76,8
2024/6/27 10:00,21565,34.1,50,3.26,10
2024/6/27 11:00,21606,34.4,46,2.92,10
2024/6/27 12:00,20168,34.2,55,2.43,8
2024/6/27 13:00,15192,34.4,57,3.35,9
2024/6/27 14:00,16776,33.1,61,2.1,6
2024/6/27 15:00,12377,33.5,59,2.05,4
2024/6/27 16:00,9443,33.1,61,1.46,2
2024/6/27 17:00,2916,31.5,70,0.46,0
2024/6/28 06:00,3350,28.5,76,0.47,0
2024/6/28 07:00,9192,29.7,68,1.33,2
2024/6/28 08:00,14791,31.4,64,2.08,4
2024/6/28 09:00,18908,32.5,58,2.78,8
2024/6/28 10:00,16253,33.6,57,2.76,9
2024/6/28 11:00,20489,34.1,55,3.04,11
2024/6/28 12:00,19190,34.4,53,2.69,9
2024/6/28 13:00,17606,34.4,56,2.06,7
2024/6/28 14:00,15982,33.6,61,2.39,6
2024/6/28 15:00,9443,33.2,63,1.37,3
2024/6/28 16:00,3975,32.1,69,0.55,1
2024/6/28 17:00,3082,29,71,0.55,0
2024/6/29 06:00,3908,28.6,72,0.59,0
2024/6/29 07:00,9536,30.4,61,1.32,2
2024/6/29 08:00,14809,31.6,58,2,4
2024/6/29 09:00,17938,33.4,55,2.82,8
2024/6/29 10:00,20231,34.2,51,2.48,9
2024/6/29 11:00,20949,34.7,52,3.1,11
2024/6/29 12:00,23338,35.8,44,3.3,12
2024/6/29 13:00,21796,35.6,48,3.09,10
2024/6/29 14:00,16379,35.3,46,2.54,7
2024/6/29 15:00,12907,33.7,55,2.24,5
2024/6/29 16:00,5902,33.1,53,0.87,1
2024/6/29 17:00,4853,32.6,54,0.73,1
2024/6/30 06:00,2559,29.2,67,0.37,0
2024/6/30 07:00,7425,29.8,66,1.08,2
2024/6/30 08:00,9832,30.7,62,1.33,3
2024/6/30 09:00,13789,32.5,59,2.06,6
2024/6/30 10:00,18952,33.6,55,2.98,10
2024/6/30 11:00,16894,33.4,55,1.85,7
2024/6/30 12:00,20461,34.4,52,2.87,10
2024/6/30 13:00,18514,34.2,54,2.84,9
2024/6/30 14:00,9568,32.5,58,1.72,5
2024/6/30 15:00,12648,33.3,56,1.74,4
2024/6/30 16:00,8895,32.8,56,1.52,2
2024/6/30 17:00,3844,32.2,53,0.72,1
2024/7/1 06:00,3601,29.2,72,0.56,0
2024/7/1 07:00,9579,29.9,69,1.29,2
2024/7/1 08:00,13091,31.5,62,1.9,4
2024/7/1 09:00,14245,32.8,56,2.52,7
2024/7/1 10:00,20182,34.1,50,3.02,10
2024/7/1 11:00,21526,34.9,46,3.33,12
2024/7/1 12:00,19325,34.9,50,2.46,9
2024/7/1 13:00,16081,34.1,60,2.32,7
2024/7/1 14:00,14807,34,59,1.94,5
2024/7/1 15:00,14765,34.1,56,2.01,4
2024/7/1 16:00,8425,32.8,63,1.19,2
2024/7/1 17:00,4014,31.8,68,0.57,0
2024/7/2 06:00,3790,29.4,77,0.58,0
2024/7/2 07:00,9666,30.3,72,1.37,2
2024/7/2 08:00,14459,32,65,2.16,4
2024/7/2 09:00,17365,33.4,58,2.7,7
2024/7/2 10:00,22029,34.3,53,3.32,10
2024/7/2 11:00,22830,35.4,46,3.57,12
2024/7/2 12:00,21510,34.5,61,3.39,11
2024/7/2 13:00,20590,33.5,65,3.35,10
2024/7/2 14:00,17051,34.1,55,2.48,7
2024/7/2 15:00,10098,32.5,54,1.76,4
2024/7/2 16:00,735,31.2,59,0.14,0
2024/7/2 17:00,1117,30.2,68,0.21,0
2024/7/3 06:00,3860,28.1,66,0.62,0
2024/7/3 07:00,9801,29.7,59,1.4,2
2024/7/3 08:00,14988,31.5,55,2.14,4
2024/7/3 09:00,18874,33,47,2.8,8
2024/7/3 10:00,21306,34.4,48,3.25,10
2024/7/3 11:00,22953,35,49,3.06,10
2024/7/3 12:00,17936,34.3,53,3.26,10
2024/7/3 13:00,18947,34.2,59,2.96,9
2024/7/3 14:00,16454,33.9,57,2.63,7
2024/7/3 15:00,13137,32.9,60,1.66,3
2024/7/3 16:00,1366,31.6,68,0.19,1
2024/7/3 17:00,993,31.1,69,0.13,0
2024/7/4 06:00,3667,28.9,78,0.59,0
2024/7/4 07:00,9234,30.8,67,1.34,2
2024/7/4 08:00,14600,32.2,61,2.11,4
2024/7/4 09:00,17777,33.2,59,2.69,7
2024/7/4 10:00,18704,33.9,58,2.77,9
2024/7/4 11:00,18673,33.9,58,2.6,9
2024/7/4 12:00,15654,33.9,54,3.11,11
2024/7/4 13:00,20134,34.4,49,3.37,11
2024/7/4 14:00,19252,33.7,55,2.97,8
2024/7/4 15:00,14411,34,54,2.3,5
2024/7/4 16:00,9485,33.4,52,1.55,2
2024/7/4 17:00,3713,32.5,55,0.76,1
2024/7/5 06:00,3801,28.6,76,0.63,0
2024/7/5 07:00,9506,30.2,65,1.19,2
2024/7/5 08:00,15070,32.1,62,1.97,4
2024/7/5 09:00,15982,32.7,57,2.68,7
2024/7/5 10:00,15958,32.8,60,2.47,8
2024/7/5 11:00,15306,34.5,52,3.12,10
2024/7/5 12:00,21399,35,54,3.21,11
2024/7/5 13:00,15428,34,60,2.39,8
2024/7/5 14:00,17696,33.4,60,2.64,7
2024/7/5 15:00,14167,33.4,60,2.24,4
2024/7/5 16:00,9510,32.7,59,1.49,2
2024/7/5 17:00,4279,31.9,61,0.65,0
2024/7/6 06:00,3530,28.7,78,0.56,0
2024/7/6 07:00,9168,29.7,73,1.31,2
2024/7/6 08:00,12300,31.1,68,1.93,4
2024/7/6 09:00,18117,32.8,61,2.28,6
2024/7/6 10:00,19564,34.1,54,3.14,9
2024/7/6 11:00,21453,34.5,59,2.03,7
2024/7/6 12:00,24274,34.6,60,2.88,8
2024/7/6 13:00,19425,34.7,56,2.34,6
2024/7/6 14:00,17783,34.3,54,2.59,6
2024/7/6 15:00,13276,32.7,59,1.84,4
2024/7/6 16:00,5342,31.9,62,0.69,1
2024/7/6 17:00,1494,28.6,65,0.21,0
2024/7/7 06:00,3701,28.4,69,0.61,0
2024/7/7 07:00,9512,30.2,63,1.37,2
2024/7/7 08:00,14708,32.1,59,2.08,4
2024/7/7 09:00,18801,32.8,58,1.86,6
2024/7/7 10:00,18540,33.6,55,2.2,7
2024/7/7 11:00,22712,33.9,59,2.01,7
2024/7/7 12:00,14683,33.7,58,2.84,10
2024/7/7 13:00,17567,33.4,60,2.35,8
2024/7/7 14:00,10385,32.2,63,0.81,3
2024/7/7 15:00,3509,31.9,66,0.6,2
2024/7/7 16:00,2791,28.9,68,0.51,1
2024/7/7 17:00,1184,28.5,65,0.19,0
2024/7/8 06:00,3764,27,73,0.6,0
2024/7/8 07:00,9656,28.9,64,1.38,2
2024/7/8 08:00,14092,30.6,58,1.85,4
2024/7/8 09:00,18069,31.9,53,2.7,7
2024/7/8 10:00,16770,33.1,55,2.57,8
2024/7/8 11:00,23474,33.2,56,1.62,6
2024/7/8 12:00,8619,31.6,71,0.86,3
2024/7/8 13:00,9227,31.3,62,0.97,3
2024/7/8 14:00,1801,30.8,66,0.16,0
2024/7/8 15:00,1349,29.5,77,0.12,0
2024/7/8 16:00,564,26.9,80,0.09,0
2024/7/8 17:00,224,25.6,78,0.06,0
2024/7/9 06:00,3767,26.3,65,0.62,0
2024/7/9 07:00,10072,28.1,62,1.39,2
2024/7/9 08:00,15121,30.3,64,2.14,4
2024/7/9 09:00,17882,30.8,63,2.52,7
2024/7/9 10:00,20029,32.7,57,3.47,10
2024/7/9 11:00,18368,33.4,58,3.25,11
2024/7/9 12:00,21083,33.1,57,2.14,8
2024/7/9 13:00,21780,33.3,54,3.1,9
2024/7/9 14:00,18749,34,55,2.99,7
2024/7/9 15:00,13992,33.1,60,1.53,3
2024/7/9 16:00,8289,32.2,61,1.33,1
2024/7/9 17:00,5616,31,67,0.86,0
2024/7/10 06:00,3527,28.1,76,0.58,0
2024/7/10 07:00,9383,29.7,70,1.35,2
2024/7/10 08:00,14833,30.9,65,2.09,4
2024/7/10 09:00,17114,32.5,57,2.69,8
2024/7/10 10:00,16699,32.7,58,3.23,10
2024/7/10 11:00,16822,33.3,55,2.25,9
2024/7/10 12:00,21456,33.9,61,2.07,8
2024/7/10 13:00,6686,28.4,86,1.12,4
2024/7/10 14:00,14303,32.2,68,2.65,7
2024/7/10 15:00,3115,30.7,70,0.49,1
2024/7/10 16:00,149,25.7,92,0.04,0
2024/7/10 17:00,85,25.9,93,0.03,0
2024/7/11 06:00,2858,26.9,79,0.45,0
2024/7/11 07:00,9009,29.4,71,1.27,2
2024/7/11 08:00,14622,30.8,69,1.99,4
2024/7/11 09:00,17415,32.1,66,2.5,7
2024/7/11 10:00,18507,32.9,59,2.59,9
2024/7/11 11:00,16879,33.5,60,2.33,9
2024/7/11 12:00,15289,29,81,1.37,5
2024/7/11 13:00,4882,28.9,84,0.62,3
2024/7/11 14:00,14705,30.7,73,1.74,4
2024/7/11 15:00,4424,28,90,0.91,2
2024/7/11 16:00,1028,26.7,88,0.18,0
2024/7/11 17:00,2452,27.8,84,0.35,0
2024/7/12 06:00,2969,27.1,78,0.45,0
2024/7/12 07:00,8513,28.9,69,1.11,2
2024/7/12 08:00,12922,30.7,64,1.85,4
2024/7/12 09:00,19351,31.9,58,2.8,8
2024/7/12 10:00,21514,33,54,3.3,11
2024/7/12 11:00,23046,33.9,53,3.4,12
2024/7/12 12:00,22993,34.1,53,3.49,12
2024/7/12 13:00,20414,35.2,55,2.68,8
2024/7/12 14:00,16643,34.7,57,2.51,6
2024/7/12 15:00,12603,33.6,60,2.07,4
2024/7/12 16:00,10347,32.7,59,1.59,2
2024/7/12 17:00,4323,31.8,58,0.73,0
2024/7/13 06:00,2962,29.6,76,0.62,0
2024/7/13 07:00,6274,29.5,76,0.8,1
2024/7/13 08:00,15137,30.9,71,1.94,4
2024/7/13 09:00,17567,32.4,60,2.86,7
2024/7/13 10:00,20989,34,52,3.32,10
2024/7/13 11:00,23489,33.4,59,2.65,9
2024/7/13 12:00,17405,33.6,62,2.43,8
2024/7/13 13:00,15019,33.8,60,2.91,9
2024/7/13 14:00,18603,33.6,53,2.87,7
2024/7/13 15:00,10805,33.8,53,1.89,4
2024/7/13 16:00,4617,31.2,58,0.79,1
2024/7/13 17:00,1367,30,57,0.24,0
2024/7/14 06:00,3772,27.4,62,0.61,0
2024/7/14 07:00,9839,29.2,53,1.37,2
2024/7/14 08:00,14207,31.4,48,1.99,4
2024/7/14 09:00,17308,32.5,47,2.49,7
2024/7/14 10:00,19280,34.3,47,2.71,9
2024/7/14 11:00,21883,34.8,46,3.43,11
2024/7/14 12:00,13683,35,49,2.88,10
2024/7/14 13:00,18484,34.9,49,3.05,9
2024/7/14 14:00,17049,34.5,50,2.57,7
2024/7/14 15:00,10965,33.9,51,2.17,4
2024/7/14 16:00,7753,33,55,1.25,2
2024/7/14 17:00,4458,32.5,56,0.63,0
2024/7/15 06:00,2330,29.4,75,0.34,0
2024/7/15 07:00,6830,30.5,66,0.97,1
2024/7/15 08:00,14145,31.8,59,1.96,4
2024/7/15 09:00,17580,32.9,59,2.4,6
2024/7/15 10:00,22339,33.3,58,2.87,9
2024/7/15 11:00,16820,33.6,57,2.6,9
2024/7/15 12:00,18968,34.5,54,3.25,10
2024/7/15 13:00,20322,34.2,55,2.71,9
2024/7/15 14:00,18296,34.8,53,2.77,7
2024/7/15 15:00,14807,34.4,53,2.31,4
2024/7/15 16:00,8654,33.7,57,1.37,2
2024/7/15 17:00,3333,32.6,66,0.5,0
2024/7/16 06:00,3494,28.3,74,0.56,0
2024/7/16 07:00,9339,29.8,68,1.31,2
2024/7/16 08:00,14699,31.8,62,2.04,4
2024/7/16 09:00,17116,33,56,2.68,7
2024/7/16 10:00,20441,33.5,56,2.59,8
2024/7/16 11:00,17347,34.6,52,3.29,9
2024/7/16 12:00,18947,34.7,51,3.28,10
2024/7/16 13:00,17319,34.9,52,3.2,9
2024/7/16 14:00,18688,34.2,55,2.93,7
2024/7/16 15:00,16836,33.8,56,2.56,5
2024/7/16 16:00,11337,33.1,56,1.73,2
2024/7/16 17:00,1728,32.1,64,0.24,0
2024/7/17 06:00,3379,27.7,66,0.55,0
2024/7/17 07:00,9264,29.5,57,1.29,2
2024/7/17 08:00,14660,31.9,59,2.05,4
2024/7/17 09:00,18674,33,53,2.7,7
2024/7/17 10:00,21468,33.8,52,2.91,9
2024/7/17 11:00,19064,34.5,59,3.13,10
2024/7/17 12:00,16892,33.9,60,3,9
2024/7/17 13:00,21891,34.4,60,2.95,9
2024/7/17 14:00,16868,33,66,2.22,6
2024/7/17 15:00,2883,31.8,70,0.36,1
2024/7/17 16:00,1739,31.3,72,0.28,1
2024/7/17 17:00,854,31.2,72,0.17,0
2024/7/18 06:00,3529,25.9,79,0.58,0
2024/7/18 07:00,9529,28.3,67,1.34,2
2024/7/18 08:00,15271,31.1,64,2.18,4
2024/7/18 09:00,19801,32.9,55,2.98,8
2024/7/18 10:00,20809,33.7,52,2.97,9
2024/7/18 11:00,18128,34.3,54,3.31,11
2024/7/18 12:00,15187,34.4,59,3.39,11
2024/7/18 13:00,21254,34.8,57,3.02,10
2024/7/18 14:00,20225,34.2,56,2.91,8
2024/7/18 15:00,15004,33.7,57,2.24,5
2024/7/18 16:00,9565,33,60,1.49,2
2024/7/18 17:00,5435,31.9,64,0.79,0
2024/7/19 06:00,3447,29.7,74,0.5,0
2024/7/19 07:00,8320,30.6,71,1.12,1
2024/7/19 08:00,11049,31.4,65,1.15,3
2024/7/19 09:00,9590,32.1,62,2,5
2024/7/19 10:00,19818,33.1,61,1.39,5
2024/7/19 11:00,8615,33.4,59,2.86,10
2024/7/19 12:00,6840,33.9,62,1.62,7
2024/7/19 13:00,9371,33.3,62,1.66,6
2024/7/19 14:00,10588,33.3,63,1.85,5
2024/7/19 15:00,9304,33.3,64,1.94,4
2024/7/19 16:00,8657,32,70,1.07,2
2024/7/19 17:00,2899,31.6,71,0.38,0
2024/7/20 06:00,3209,29,79,0.51,0
2024/7/20 07:00,7726,30.4,75,1.39,2
2024/7/20 08:00,5950,31,74,1.56,3
2024/7/20 09:00,16344,33.1,62,1.28,4
2024/7/20 10:00,10464,33.6,62,2.09,6
2024/7/20 11:00,6504,33.7,66,2.93,9
2024/7/20 12:00,5038,33.6,63,2.98,9
2024/7/20 13:00,12304,34.3,62,2.53,8
2024/7/20 14:00,7611,33.1,64,2.09,6
2024/7/20 15:00,7826,33.4,64,1.18,3
2024/7/20 16:00,8671,32.7,67,1.28,2
2024/7/20 17:00,4312,32.2,68,0.72,0
2024/7/21 06:00,2579,28,92,0.41,0
2024/7/21 07:00,5687,28,84,0.64,1
2024/7/21 08:00,8796,30.9,72,1.18,3
2024/7/21 09:00,13792,32.9,61,2.06,5
2024/7/21 10:00,16393,33.5,60,2.36,7
2024/7/21 11:00,14210,33.5,63,2.48,8
2024/7/21 12:00,20420,34,61,2.61,9
2024/7/21 13:00,21452,33.9,63,2.92,9
2024/7/21 14:00,17657,34,61,2.83,7
2024/7/21 15:00,14644,33.4,61,2.33,4
2024/7/21 16:00,13412,33.9,59,1.97,2
2024/7/21 17:00,7103,32.3,62,1.04,1
2024/7/22 06:00,3294,28.9,77,0.54,0
2024/7/22 07:00,9280,30.2,70,1.31,2
2024/7/22 08:00,14758,31.7,65,1.98,4
2024/7/22 09:00,18365,33.2,59,2.65,7
2024/7/22 10:00,17007,34.1,56,3.04,9
2024/7/22 11:00,21416,33.9,58,2.54,8
2024/7/22 12:00,21158,34,58,2.97,9
2024/7/22 13:00,17701,33.9,60,2.65,8
2024/7/22 14:00,13283,33.9,60,2.4,6
2024/7/22 15:00,8797,33.6,62,2.07,4
2024/7/22 16:00,6690,32.4,67,1.01,1
2024/7/22 17:00,3912,31.7,68,0.62,0
2024/7/23 06:00,2115,29.5,81,0.23,0
2024/7/23 07:00,7665,30.3,77,0.58,1
2024/7/23 08:00,6645,31.1,74,1.45,3
2024/7/23 09:00,11876,31.7,71,1.24,3
2024/7/23 10:00,7615,32.6,65,1.18,4
2024/7/23 11:00,9674,33,65,1.29,4
2024/7/23 12:00,15244,33.8,61,1.78,6
2024/7/23 13:00,20239,34.5,55,2.08,6
2024/7/23 14:00,16506,35.2,59,1.96,5
2024/7/23 15:00,11289,35.7,58,1.75,3
2024/7/23 16:00,11276,35.5,56,1.21,1
2024/7/23 17:00,4067,34.8,51,0.4,0
2024/7/24 06:00,149,26,95,0.03,0
2024/7/24 07:00,266,25.9,96,0.05,0
2024/7/24 08:00,1490,25.5,95,0.17,1
2024/7/24 09:00,800,25.6,95,0.12,1
2024/7/24 10:00,1237,25.8,95,0.16,1
2024/7/24 11:00,1780,28,91,0.31,1
2024/7/24 12:00,8493,28.8,86,1.18,5
2024/7/24 13:00,11731,29.6,81,1.49,6
2024/7/24 14:00,7825,28.9,85,0.9,3
2024/7/24 15:00,4962,29,83,0.52,2
2024/7/24 16:00,2456,28.7,85,0.28,1
2024/7/24 17:00,310,28.2,87,0.04,0
2024/7/25 06:00,274,27.3,96,0.05,0
2024/7/25 07:00,731,26.5,96,0.11,0
2024/7/25 08:00,1175,26.5,96,0.16,1
2024/7/25 09:00,1960,26.1,96,0.21,1
2024/7/25 10:00,1470,26.2,95,0.15,1
2024/7/25 11:00,1415,26.2,95,0.15,1
2024/7/25 12:00,1377,26.1,95,0.13,1
2024/7/25 13:00,1271,26.1,94,0.13,0
2024/7/25 14:00,936,26,95,0.12,0
2024/7/25 15:00,1692,26.2,94,0.17,1
2024/7/25 16:00,440,25.5,92,0.07,0
2024/7/25 17:00,4,25.2,93,0.02,0
2024/7/26 06:00,495,26.6,83,0.08,0
2024/7/26 07:00,720,26.4,89,0.08,0
2024/7/26 08:00,651,25.8,93,0.1,0
2024/7/26 09:00,1403,26.9,90,0.19,1
2024/7/26 10:00,5344,27.7,85,0.67,3
2024/7/26 11:00,4570,27.7,84,0.42,2
2024/7/26 12:00,3671,27.4,85,0.49,2
2024/7/26 13:00,8378,27.3,87,1.03,4
2024/7/26 14:00,874,26.1,92,0.15,0
2024/7/26 15:00,1074,25.7,93,0.17,0
2024/7/26 16:00,1131,25.8,91,0.19,0
2024/7/26 17:00,625,25.4,94,0.13,0
2024/7/27 06:00,2321,26.3,91,0.35,0
2024/7/27 07:00,7187,28.5,79,0.96,2
2024/7/27 08:00,11067,29.6,73,1.52,4
2024/7/27 09:00,14265,30.8,68,2.03,6
2024/7/27 10:00,15162,31.7,62,2.03,8
2024/7/27 11:00,17865,32.5,67,2.53,9
2024/7/27 12:00,12156,32.3,66,1.92,8
2024/7/27 13:00,11890,31.3,71,0.87,4
2024/7/27 14:00,5664,31.3,70,0.45,2
2024/7/27 15:00,7285,31.6,63,0.83,2
2024/7/27 16:00,4726,30.6,67,0.67,1
2024/7/27 17:00,1683,29.8,71,0.2,0
2024/7/28 06:00,3274,28,86,0.49,0
2024/7/28 07:00,9027,30,70,1.24,2
2024/7/28 08:00,14897,31.9,62,2,4
2024/7/28 09:00,17594,33.2,58,2.73,7
2024/7/28 10:00,21774,34.3,55,3.16,10
2024/7/28 11:00,19076,34.2,54,3.06,10
2024/7/28 12:00,19848,34.5,56,2.45,8
2024/7/28 13:00,20505,33.8,56,2.48,8
2024/7/28 14:00,18852,33.8,56,2.94,7
2024/7/28 15:00,13935,33.4,55,2.22,4
2024/7/28 16:00,4260,32.8,56,1.4,2
2024/7/28 17:00,2605,31.8,60,0.54,0
2024/7/29 06:00,860,28.1,78,0.12,0
2024/7/29 07:00,2385,28.2,81,0.31,1
2024/7/29 08:00,4080,28.5,78,0.58,2
2024/7/29 09:00,5641,28.5,80,0.78,3
2024/7/29 10:00,3389,28.2,82,0.44,2
2024/7/29 11:00,1517,27,87,0.2,1
2024/7/29 12:00,6496,28,86,0.88,4
2024/7/29 13:00,15670,30.2,70,2.32,8
2024/7/29 14:00,13051,31.3,62,2.18,7
2024/7/29 15:00,12233,30.9,65,1.54,4
2024/7/29 16:00,6665,30.6,71,0.61,1
2024/7/29 17:00,3172,29.9,75,0.3,0
2024/7/30 06:00,3276,27.9,77,0.51,0
2024/7/30 07:00,9199,29,71,1.25,2
2024/7/30 08:00,14706,30.3,65,2.03,4
2024/7/30 09:00,18613,31.1,63,2.64,7
2024/7/30 10:00,18464,32.3,63,2.04,7
2024/7/30 11:00,18391,32,63,1.63,7
2024/7/30 12:00,18321,32.7,66,2.35,9
2024/7/30 13:00,7775,31.5,67,1.16,4
2024/7/30 14:00,9524,32.2,66,1.27,4
2024/7/30 15:00,5567,30.8,70,0.91,2
2024/7/30 16:00,447,29.3,78,0.07,0
2024/7/30 17:00,0,28.8,85,0.01,0
2024/7/31 06:00,3229,26.5,91,0.52,0
2024/7/31 07:00,8999,27.9,85,1.25,2
2024/7/31 08:00,14877,29.9,70,2.06,4
2024/7/31 09:00,18964,31.6,66,2.74,8
2024/7/31 10:00,21617,32.7,61,3.01,10
2024/7/31 11:00,15199,33.1,61,2.31,9
2024/7/31 12:00,17215,32.2,68,2.37,9
2024/7/31 13:00,15230,32.4,70,3.08,10
2024/7/31 14:00,14745,32,68,2.44,7
2024/7/31 15:00,1416,28.7,84,0.19,0
2024/7/31 16:00,631,28.9,81,0.09,0
2024/7/31 17:00,289,29.4,75,0.06,0
